date,abstra,title,ul,cw,rsw,kw,label
2021/1/10 0:21:12,中国首款具有自主知识产权的四代机歼20首飞成功。,歼20飞机首飞10周年：翱翔蓝天的歼20战斗机,http://military.china.com.cn/2021-01/10/content_77098262_10.htm,"['中国', '首款', '具有', '自主', '知识产权', '的', '四代', '机歼', '20', '首飞', '成功', '。']","['中国', '首款', '自主', '知识产权', '四代', '机歼', '20', '首飞', '成功']","['首飞', '首款', '20', '歼', '机']",其它
2020/12/22 9:57:03,深陷新冠疫情和农民抗争运动的印度，近日却决定在武器装备上砸一大笔钱。今年8月，美国媒体曝出中国空军在新疆和田空军基地相继部署空警-500预警机和歼-20隐身战机后，印度倍感压力。,印度大笔军购剑指中巴，但这次是靠“本国制造”,http://news.china.com.cn/2020-12/22/content_77038287.htm,"['深陷', '新冠', '疫情', '和', '农民', '抗争', '运动', '的', '印度', '，', '近日', '却', '决定', '在', '武器', '装备', '上', '砸', '一', '大笔', '钱', '。', '今年8月', '，', '美国', '媒体', '曝出', '中国空军', '在', '新疆', '和田空军基地', '相继', '部署', '空警', '-', '500', '预警机', '和', '歼-', '20', '隐身', '战机', '后', '，', '印度', '倍感', '压力', '。']","['深陷', '新冠', '疫情', '农民', '抗争', '运动', '印度', '近日', '武器', '装备', '砸', '大笔', '钱', '今年8月', '美国', '媒体', '曝出', '中国空军', '新疆', '和田空军基地', '相继', '部署', '空警', '500', '预警机', '歼-', '20', '隐身', '战机', '印度', '压力']","['-', '印度', '8', '大笔', '新']",其它
2020/12/6 9:46:32,今年是我军建设发展“十三五”规划收官之年，要采取超常措施，克服疫情影响，集中力量打好规划落实攻坚战，力保重大任务完成、战略能力有大的提升。,一心听号令 一切为打赢——全军部队落实“十三五”规划奋力实现强军目标,http://news.china.com.cn/2020-12/06/content_76982890.htm,"['今年', '是', '我军', '建设', '发展', '“', '十三五', '”', '规划', '收官', '之', '年', '，', '要', '采取', '超常', '措施', '，', '克服', '疫情', '影响', '，', '集中', '力量', '打', '好', '规划', '落实', '攻坚战', '，', '力保', '重大', '任务', '完成', '、', '战略', '能力', '有', '大', '的', '提升', '。']","['我军', '建设', '发展', '十三五', '规划', '收官', '年', '超常', '措施', '克服', '疫情', '影响', '力量', '规划', '落实', '攻坚战', '力保', '战略', '能力', '提升']","['规划', '大', '我军', '能力', '战略']",其它
2020/11/18 2:33:09,中国的歼-20战斗机（左）与佩戴增强现实技术头盔显示器的美国战斗机飞行员（右）.,美国开启虚实相混空战训练模式 飞行员开真实战机大战人工智能“歼-20”,http://military.china.com.cn/2020-11/18/content_76920583.htm,"['中国', '的', '歼-', '20', '战斗机', '（', '左', '）', '与', '佩戴', '增强', '现实', '技术', '头盔', '显示器', '的', '美国', '战斗机', '飞行员', '（', '右', '）', '.']","['中国', '歼-', '20', '战斗机', '左', '佩戴', '增强', '现实', '技术', '头盔', '显示器', '美国', '战斗机', '飞行员', '右']","['）', '（', '战斗机', '歼', '显示器']",其它
2020/11/11 13:11:35,面对全国多地汛情，空军部队奔赴湖北、江西、安徽等地执行抗洪抢险任务，装填沙袋、加固堤坝、转移群众，为人民群众构筑了一道道“钢铁堤坝”。,人民空军成立71周年 阔步迈向世界一流空军,http://news.china.com.cn/2020-11/11/content_76899183.htm,"['面对', '全国', '多', '地', '汛情', '，', '空军', '部队', '奔赴', '湖北', '、', '江西', '、', '安徽', '等', '地', '执行', '抗洪', '抢险', '任务', '，', '装填', '沙袋', '、', '加固', '堤坝', '、', '转移', '群众', '，', '为', '人民群众', '构筑', '了', '一道道', '“', '钢铁', '堤坝', '”', '。']","['面对', '全国', '汛情', '空军', '部队', '奔赴', '湖北', '江西', '安徽', '执行', '抗洪', '抢险', '装填', '沙袋', '加固', '堤坝', '转移', '群众', '人民群众', '构筑', '一道道', '钢铁', '堤坝']","['堤坝', '全国', '一道道', '构筑', '人民群众']",其它
2020/11/11 7:31:34,参加“国际军事比赛-2020”“空降排”项目的中国空军空降兵部队官兵进行快速射击课目的考核训练（7月24日摄）。面对全国多地汛情，空军部队奔赴湖北、江西、安徽等地执行抗洪抢险任务，装填沙袋、加固堤坝、转移群众，为人民群众构筑了一道道“钢铁堤坝”。,人民空军成立71周年 阔步迈向世界一流空军[图],http://photo.china.com.cn/2020-11/11/content_76897653.htm,"['参加', '“', '国际', '军事', '比赛', '-', '2020', '”', '“', '空降排', '”', '项目', '的', '中国空军空降兵', '部队', '官兵', '进行', '快速', '射击', '课目', '的', '考核', '训练', '（', '7月24日', '摄', '）', '。', '面对', '全国', '多', '地', '汛情', '，', '空军', '部队', '奔赴', '湖北', '、', '江西', '、', '安徽', '等', '地', '执行', '抗洪', '抢险', '任务', '，', '装填', '沙袋', '、', '加固', '堤坝', '、', '转移', '群众', '，', '为', '人民群众', '构筑', '了', '一道道', '“', '钢铁', '堤坝', '”', '。']","['参加', '国际', '军事', '比赛', '2020', '空降排', '项目', '中国空军空降兵', '部队', '官兵', '快速', '射击', '课目', '考核', '训练', '7月24日', '摄', '面对', '全国', '汛情', '空军', '部队', '奔赴', '湖北', '江西', '安徽', '执行', '抗洪', '抢险', '装填', '沙袋', '加固', '堤坝', '转移', '群众', '人民群众', '构筑', '一道道', '钢铁', '堤坝']","['堤坝', '全国', '摄', '国际', '一道道']",其它
2020/11/11 0:32:26,在历次作战行动中，共取得击落击伤敌机3818架的辉煌战绩。,人民空军成立71周年 阔步迈向世界一流空军,http://military.china.com.cn/2020-11/11/content_76896984.htm,"['在', '历次', '作战', '行动', '中', '，', '共', '取得', '击', '落击', '伤', '敌机', '3818架', '的', '辉煌', '战绩', '。']","['历次', '作战', '中', '共', '击', '落击', '伤', '敌机', '3818架', '辉煌', '战绩']","['辉煌', '作战', '架', '3818', '敌机']",其它
2020/10/29 17:13:28,29日下午，国防部举行例行记者会，国防部新闻局局长、国防部新闻发言人吴谦大校就对台军事部署、中美两军关系、加拿大军舰过航台湾海峡等热点答记者问。,国防部就对台军事部署、中美两军关系等热点答问,http://news.china.com.cn/2020-10/29/content_76856991.htm,"['29日', '下午', '，', '国防部', '举行', '例行', '记者会', '，', '国防部新闻局', '局长', '、', '国防部', '新闻发言人', '吴谦', '大校', '就', '对', '台', '军事', '部署', '、', '中美', '两', '军', '关系', '、', '加拿大', '军舰', '过航', '台湾海峡', '等', '热点', '答', '记者', '问', '。']","['29日', '下午', '国防部', '例行', '记者会', '国防部新闻局', '局长', '国防部', '新闻发言人', '吴谦', '大校', '台', '军事', '部署', '中美', '两', '军', '关系', '加拿大', '军舰', '过航', '台湾海峡', '热点', '答', '记者', '问']","['国防部', '记者', '日', '答', '热点']",其它
2020/10/29 16:50:18,国防部29日举行例行记者会，国防部新闻局局长、国防部新闻发言人吴谦大校在答记者问时表示，中国人民解放军捍卫国家主权和领土完整、挫败任何形式“台独”分裂势力的能力始终都在，意志坚定不移。,国防部回应对台军事部署：能力始终都在，意志坚定不移,http://military.china.com.cn/2020-10/29/content_76856855.htm,"['国防部', '29日', '举行', '例行', '记者会', '，', '国防部新闻局', '局长', '、', '国防部', '新闻发言人', '吴谦', '大校', '在', '答', '记者', '问', '时', '表示', '，', '中国人民解放军', '捍卫', '国家', '主权', '和', '领土', '完整', '、', '挫败', '任何', '形式', '“', '台独', '”', '分裂', '势力', '的', '能力', '始终', '都', '在', '，', '意志', '坚定不移', '。']","['国防部', '29日', '例行', '记者会', '国防部新闻局', '局长', '国防部', '新闻发言人', '吴谦', '大校', '答', '记者', '问', '时', '中国人民解放军', '捍卫', '国家', '主权', '领土', '完整', '挫败', '形式', '台独', '分裂', '势力', '能力', '始终', '意志', '坚定不移']","['国防部', '意志', '都', '始终', '能力']",其它
2020/10/29 16:36:13,吴谦大校表示，中国人民解放军捍卫国家主权和领土完整、挫败任何形式“台独”分裂势力的能力始终都在，意志坚定不移。,国防部回应对台军事部署：能力始终都在，意志坚定不移,http://news.china.com.cn/2020-10/29/content_76856824.htm,"['吴谦', '大校', '表示', '，', '中国人民解放军', '捍卫', '国家', '主权', '和', '领土', '完整', '、', '挫败', '任何', '形式', '“', '台独', '”', '分裂', '势力', '的', '能力', '始终', '都', '在', '，', '意志', '坚定不移', '。']","['吴谦', '大校', '中国人民解放军', '捍卫', '国家', '主权', '领土', '完整', '挫败', '形式', '台独', '分裂', '势力', '能力', '始终', '意志', '坚定不移']","['意志', '大校', '都', '始终', '能力']",其它
2020/10/9 8:31:33,据印度媒体报道，印度空军参谋长和国大党领导人近日相继表态“做好了空袭中国的准备”“能够快速击退中国”。另有分析人士认为，印度空军打算用非隐形战斗机对拥有完善的先进防空网络的中国实施空袭，完全是飞蛾扑火，有来无回。,印军真的“做好空袭中国的准备”？专家：印空军自信只能停在口头上,http://news.china.com.cn/2020-10/09/content_76787715.htm,"['据', '印度', '媒体', '报道', '，', '印度', '空军', '参谋长', '和', '国大党', '领导人', '近日', '相继', '表态', '“', '做好', '了', '空袭', '中国', '的', '准备', '”', '“', '能够', '快速', '击退', '中国', '”', '。', '另', '有', '分析', '人士', '认为', '，', '印度', '空军', '打算', '用', '非', '隐形', '战斗机', '对', '拥有', '完善', '的', '先进', '防空', '网络', '的', '中国', '实施', '空袭', '，', '完全', '是', '飞蛾扑火', '，', '有来无回', '。']","['印度', '媒体', '报道', '印度', '空军', '参谋长', '国大党', '领导人', '近日', '相继', '表态', '做好', '空袭', '中国', '快速', '击退', '中国', '分析', '人士', '印度', '空军', '打算', '非', '隐形', '战斗机', '拥有', '完善', '先进', '防空', '网络', '中国', '实施', '空袭', '飞蛾扑火', '有来无回']","['中国', '印度', '空袭', '无', '分析']",其它
2020/9/24 0:44:12,鲲鹏展翅，九万里，翻动扶摇羊角。,组合拳后，运-20来了！,http://military.china.com.cn/2020-09/24/content_76733984.htm,"['鲲鹏', '展翅', '，', '九万里', '，', '翻动', '扶摇羊角', '。']","['鲲鹏', '展翅', '九万里', '翻动', '扶摇羊角']","['扶摇', '鹏', '翻动', '里', '九万']",其它
2020/9/21 1:04:05,中国军网发布战机组合拳壁纸，轰-6K、歼-10列队来袭！,超豪华战机阵容高清壁纸来了，收藏这份霸气！,http://military.china.com.cn/2020-09/21/content_76722944.htm,"['中国', '军网', '发布', '战机', '组合', '拳壁', '纸', '，', '轰-', '6K', '、', '歼-', '10列队', '来袭', '！']","['中国', '军网', '发布', '战机', '组合', '拳壁', '纸', '轰-', '6K', '歼-', '10列队', '来袭']","['-', '列队', '军网', '壁纸', '组合拳']",其它
2020/9/18 13:51:41,面对困局，华为即将开始移动生态的艰难探索之路。遭到“断供”后的华为将何去何从？,华为芯片断供 “卡脖子”倒逼攻坚,http://www.china.com.cn/opinion2020/2020-09/18/content_76717383.shtml,"['面对', '困局', '，', '华为', '即将', '开始', '移动', '生态', '的', '艰难', '探索', '之', '路', '。', '遭到', '“', '断', '供', '”', '后', '的', '华为', '将', '何去何从', '？']","['面对', '困局', '华为', '生态', '艰难', '探索', '路', '断', '供', '华为', '何去何从']","['华为', '断供', '探索', '困局', '艰难']",其它
2020/8/18 8:25:00,据美国之音等外媒网站17日报道，台湾正式签订采购合约，向美国购买66架最新型的F-16V战机，预计2026年交付完成。岛内亲绿媒体三立新闻网称，这批F-16V战斗机号称功能最齐全，航电与战斗能力都足以跟大陆歼-20抗衡。,台湾F-16V匹敌歼-20？ 大陆军事专家：夸大其词，缺乏基本常识,http://news.china.com.cn/2020-08/18/content_76609768.htm,"['据', '美国之音', '等', '外媒', '网站', '17日', '报道', '，', '台湾', '正式', '签订', '采购', '合约', '，', '向', '美国', '购买', '66架', '最', '新型', '的', 'F-', '16V', '战机', '，', '预计', '2026年', '交付', '完成', '。', '岛内', '亲绿', '媒体', '三立新闻网', '称', '，', '这', '批', 'F-', '16V', '战斗机', '号称', '功能', '最', '齐全', '，', '航电', '与', '战斗', '能力', '都', '足以', '跟', '大陆', '歼', '-', '20', '抗衡', '。']","['美国之音', '外媒', '网站', '17日', '报道', '台湾', '正式', '签订', '采购', '合约', '美国', '购买', '66架', '新型', 'F-', '16V', '战机', '预计', '2026年', '交付', '岛内', '亲绿', '媒体', '三立新闻网', '称', '批', 'F-', '16V', '战斗机', '号称', '功能', '齐全', '航电', '能力', '足以', '大陆', '歼', '20', '抗衡']","['-', '亲', '交付', '外媒', '16V']",其它
2020/7/21 0:18:48,近日卫星图曝光了一架“歼-20”战斗机出现在了美国海军陆战队的基地中，引起了美媒的关注。,卫星照曝光美军基地出现“歼20” 美媒吐槽：这做工太糙了,http://news.china.com.cn/2020-07/21/content_76292934.htm,"['近日', '卫星', '图', '曝光', '了', '一', '架', '“', '歼-', '20', '”', '战斗机', '出现', '在', '了', '美国海军陆战队', '的', '基地', '中', '，', '引起', '了', '美媒', '的', '关注', '。']","['近日', '卫星', '图', '曝光', '架', '歼-', '20', '战斗机', '美国海军陆战队', '基地', '中', '美媒', '关注']","['美媒', '卫星', '引起', '中', '基地']",其它
2020/7/18 0:23:18,歼-20战斗机荣获中国外观设计金奖。,歼-20战机荣获中国外观设计金奖,http://news.china.com.cn/2020-07/18/content_76284446.htm,"['歼-', '20', '战斗机', '荣获', '中国', '外观', '设计', '金奖', '。']","['歼-', '20', '战斗机', '荣获', '中国', '外观', '设计', '金奖']","['设计', '-', '外观', '中国', '荣获']",其它
2020/6/12 15:21:35,nan,成都市成飞中学,http://edu.china.com.cn/2020-06/12/content_76156175.htm,['nan'],['nan'],['nan'],其它
2020/6/12 8:05:24,停飞仪式上，官兵们摆成5290的数字向王文常致敬（5月25日摄）。”　　停飞仪式上，王文常（右）向徒弟徐国桥移交飞行头盔（5月25日摄）。停飞仪式上，王文常（右）在将飞行头盔交与徒弟徐国桥前互相致敬（5月25日摄）。,5290小时飞行纪录 中国空军特级飞行员王文常结束29年飞行生涯[图],http://photo.china.com.cn/2020-06/12/content_76153869.htm,"['停飞', '仪式', '上', '，', '官兵', '们', '摆', '成', '5290', '的', '数字', '向', '王文常', '致敬', '（', '5月25日', '摄', '）', '。', '”', '停飞', '仪式', '上', '，', '王文常', '（', '右', '）', '向', '徒弟', '徐国桥', '移交', '飞行', '头盔', '（', '5月25日', '摄', '）', '。', '停飞', '仪式', '上', '，', '王文常', '（', '右', '）', '在', '将', '飞行', '头盔', '交', '与', '徒弟', '徐国桥', '前', '互相', '致敬', '（', '5月25日', '摄', '）', '。']","['停飞', '仪式', '官兵', '摆', '成', '5290', '数字', '王文常', '致敬', '5月25日', '摄', '停飞', '仪式', '王文常', '右', '徒弟', '徐国桥', '移交', '飞行', '头盔', '5月25日', '摄', '停飞', '仪式', '王文常', '右', '飞行', '头盔', '交', '徒弟', '徐国桥', '前', '致敬', '5月25日', '摄']","['（', '桥', '）', '王文', '上']",其它
2020/5/28 8:50:00,5月26日下午，习近平主席出席十三届全国人大三次会议解放军和武警部队代表团全体会议。,习主席再谈人民军队，让人想起他曾提及的“钢”与“气”,http://xitheory.china.com.cn/2020-05/28/content_76099596.html,"['5月26日', '下午', '，', '习近平', '主席', '出席', '十三届全国人大', '三次', '会议', '解放军', '和', '武警', '部队', '代表团', '全体', '会议', '。']","['5月26日', '下午', '习近平', '主席', '出席', '十三届全国人大', '三次', '会议', '解放军', '武警', '部队', '代表团', '会议']","['代表团', '月', '武警部队', '解放军', '会议']",其它
2020/5/24 15:38:43,联想部队火热的练兵场，军队代表委员深切感到，练兵备战已成为全军官兵愈发聚力的主责主业。,军队代表委员：扛起新时代练兵备战的历史责任,http://news.china.com.cn/2020-05/24/content_76084161.htm,"['联想', '部队', '火热', '的', '练兵场', '，', '军队', '代表', '委员', '深切', '感到', '，', '练兵', '备战', '已', '成为', '全军', '官兵', '愈发', '聚力', '的', '主责', '主业', '。']","['联想', '部队', '火热', '练兵场', '军队', '代表', '委员', '深切', '感到', '练兵', '备战', '全军', '官兵', '愈发', '聚力', '主责', '主业']","['主责', '部队', '聚力', '愈发', '官兵']",其它
2020/5/11 8:11:05,近日，中国人民解放军东部战区官方账号发布消息，继无人机之外，又有一款无人装备——新型战斗侦察型无人作战车辆UGV已经服役。,我军无人战车正式服役！外形小巧却显示惊人杀伤力,http://news.china.com.cn/2020-05/11/content_76028966.htm,"['近日', '，', '中国人民解放军', '东部', '战区', '官方', '账号', '发布', '消息', '，', '继', '无人机', '之外', '，', '又', '有', '一', '款', '无人', '装备', '——', '新型', '战斗', '侦察', '型', '无人', '作战', '车辆', 'UG', 'V', '已经', '服役', '。']","['近日', '中国人民解放军', '东部', '战区', '官方', '账号', '发布', '消息', '继', '无人机', '之外', '款', '无人', '装备', '新型', '侦察', '型', '无人', '作战', '车辆', 'UG', 'V', '服役']","['无人', '已经', '—', '中国', 'UGV']",其它
2020/5/8 17:38:43,2020年5月8日13时49分，我国新一代载人飞船试验船返回舱在轨飞行2天19小时后，在东风着陆场预定区域成功着陆，试验取得圆满成功。,我国新一代载人飞船试验船成功返回！这些黑科技为它护航,http://news.china.com.cn/2020-05/08/content_76021655.htm,"['2020年5月8日', '13时49分', '，', '我国', '新一代', '载人', '飞船', '试验', '船', '返回舱', '在轨', '飞行', '2天', '19小时', '后', '，', '在', '东风着陆场', '预定', '区域', '成功', '着陆', '，', '试验', '取得', '圆满', '成功', '。']","['2020年5月8日', '13时49分', '我国', '新一代', '载人', '飞船', '试验', '船', '返回舱', '在轨', '飞行', '2天', '19小时', '东风着陆场', '预定', '区域', '成功', '着陆', '试验', '圆满', '成功']","['试验', '着陆', '年', '成功', '预定']",其它
2020/4/28 0:05:58,不历三分险，难练一身胆。挑战风险是一种对战斗力的投资。,训练不怕风险 打仗多道保险,http://news.china.com.cn/2020-04/28/content_75983485.htm,"['不历三分险', '，', '难', '练', '一身', '胆', '。', '挑战', '风险', '是', '一种', '对', '战斗力', '的', '投资', '。']","['不历三分险', '难', '练', '一身', '胆', '挑战', '风险', '一种', '战斗力', '投资']","['战斗力', '风险', '一身', '历', '一种']",其它
2020/4/5 16:20:07,4月3日，钱江晚报记者赶到位于杭州安贤陵园的王伟烈士墓前，祭扫献花。19年前中美撞机事件中，王伟驾驶的是歼-8II战斗机。去年清明节，王伟墓前，鲜花堆得满满的，每一束，都是对英雄深深的思念。,王伟墓前有人送来了歼20模型,http://news.china.com.cn/2020-04/05/content_75897800.htm,"['4月3日', '，', '钱江晚报', '记者', '赶到', '位于', '杭州安贤陵园', '的', '王伟', '烈士', '墓', '前', '，', '祭扫', '献花', '。', '19年', '前', '中美', '撞机', '事件', '中', '，', '王伟', '驾驶', '的', '是', '歼', '-', '8', 'II', '战斗机', '。', '去年清明节', '，', '王伟墓', '前', '，', '鲜花', '堆', '得', '满满', '的', '，', '每', '一', '束', '，', '都是', '对', '英雄', '深深', '的', '思念', '。']","['4月3日', '钱江晚报', '记者', '赶到', '位于', '杭州安贤陵园', '王伟', '烈士', '墓', '前', '祭扫', '献花', '19年', '前', '中美', '撞机', '事件', '中', '王伟', '驾驶', '歼', 'II', '战斗机', '去年清明节', '王伟墓', '前', '鲜花', '堆', '满满', '束', '都是', '英雄', '深深', '思念']","['王伟', '深深', '8II', '年前', '祭扫']",其它
2020/3/10 11:04:59,3月10日，空军发布新年度飞行训练影像志《2020，奋飞在春天》。,空军发布最新宣传片 歼20歼16歼10C教10罕见同框,http://news.china.com.cn/2020-03/10/content_75795739.htm,"['3月10日', '，', '空军', '发布', '新', '年度', '飞行', '训练', '影像', '志', '《', '2020', '，', '奋飞', '在', '春天', '》', '。']","['3月10日', '空军', '发布', '新', '年度', '飞行', '训练', '影像', '志', '2020', '奋飞', '春天']","['奋飞', '月', '2020', '志', '影像']",其它
2020/1/19 4:09:38,该机已经完成地面的综合测试，按照计划即将进行首次试飞。,美国隐形靶机即将试飞 专门用于模拟歼20苏57战斗机,"http://military.china.com.cn/2020-01/19/content_75627425_2.htm""}","['该机', '已经', '完成', '地面', '的', '综合', '测试', '，', '按照', '计划', '即将', '进行', '首次', '试飞', '。']","['该机', '地面', '综合', '测试', '计划', '首次', '试飞']","['首次', '已经', '进行', '即将', '计划']",其它
2020/1/17 4:29:13,台空军嘉义第四联队的F－16V战斗机执行紧急起飞拦截战备任务。,台军F-16V首次执行拦截战备任务 一款新导弹曝光,http://military.china.com.cn/2020-01/17/content_75621695_6.htm,"['台', '空军嘉义第四联队', '的', 'F', '－', '16V', '战斗机', '执行', '紧急', '起飞', '拦截', '战备', '任务', '。']","['台', '空军嘉义第四联队', 'F', '16V', '战斗机', '执行', '紧急', '起飞', '拦截', '战备']","['战备', '空军', '拦截', '起飞', '紧急']",拦截
2020/1/6 17:34:05,记者从国家国防科技工业局获悉，日前，2019年度国防科技工业十大新闻揭晓，突出反映了2019年我国在国防科技工业领域所取得的丰硕成果。TAC1安装标段工程是国际热核聚变实验堆托卡马克装置最重要的核心设备安装工程，其重要性相当于核电站的反应堆、人体的心脏。,2019年度国防科技工业十大新闻揭晓 反映哪些成果？,http://news.china.com.cn/2020-01/06/content_75583770.htm,"['记者', '从', '国家国防科技工业局', '获悉', '，', '日前', '，', '2019年度', '国防', '科技', '工业', '十大', '新闻', '揭晓', '，', '突出', '反映', '了', '2019年', '我国', '在', '国防', '科技', '工业', '领域', '所', '取得', '的', '丰硕', '成果', '。', 'TA', 'C', '1', '安装', '标段', '工程', '是', '国际', '热核', '聚变', '实验', '堆', '托', '卡', '马克', '装置', '最', '重要', '的', '核心', '设备', '安装', '工程', '，', '其', '重要性', '相当于', '核电站', '的', '反应堆', '、', '人体', '的', '心脏', '。']","['记者', '国家国防科技工业局', '获悉', '日前', '2019年度', '国防', '科技', '工业', '十大', '新闻', '揭晓', '2019年', '我国', '国防', '科技', '工业', '领域', '丰硕', '成果', 'TA', 'C', '安装', '标段', '工程', '国际', '热核', '聚变', '实验', '堆', '托', '卡', '马克', '装置', '核心', '设备', '安装', '工程', '重要性', '相当于', '核电站', '反应堆', '人体', '心脏']","['2019', '国防', '人体', '安装', '丰硕']",国防
2020/1/5 20:35:47,2019年新华社年度照片。,2019年新华社年度照片,http://news.china.com.cn/2020-01/05/content_75580544.htm,"['2019年', '新华社', '年度', '照片', '。']","['2019年', '新华社', '年度', '照片']","['年度', '年', '新华社', '照片', '2019']",其它
2019/12/19 9:26:40,天高海阔，风正帆悬。12月17日，我国第一艘国产航空母舰交付海军。习近平主席出席交接入列仪式并登舰视察。全军官兵第一时间通过报纸、电视、广播、网络等媒体收听收看了这一激动人心的消息，备感鼓舞，反响强烈。,牢记亲切关怀 奋力强军兴军——习主席出席我国第一艘国产航空母舰交接入列仪式在全军官兵中引发强烈反响,http://guoqing.china.com.cn/2019zgxg/2019-12/19/content_75528259.html,"['天高海阔', '，', '风', '正', '帆', '悬', '。', '12月17日', '，', '我国', '第一艘', '国产', '航空母舰', '交付', '海军', '。', '习近平', '主席', '出席', '交接', '入', '列', '仪式', '并', '登舰', '视察', '。', '全军', '官兵', '第一', '时间', '通过', '报纸', '、', '电视', '、', '广播', '、', '网络', '等', '媒体', '收听', '收看', '了', '这', '一', '激动人心', '的', '消息', '，', '备', '感', '鼓舞', '，', '反响', '强烈', '。']","['天高海阔', '风', '正', '帆', '悬', '12月17日', '我国', '第一艘', '国产', '航空母舰', '交付', '海军', '习近平', '主席', '出席', '交接', '入', '列', '仪式', '登舰', '视察', '全军', '官兵', '第一', '时间', '报纸', '电视', '广播', '网络', '媒体', '收听', '收看', '激动人心', '消息', '备', '感', '鼓舞', '反响']","['反响', '官兵', '舰', '主席', '交付']",其它
2019/11/19 10:25:47,这些年，歼-10系列、轰-6K、预警机系列、红旗-9系列、无人机系列等国产新型武器装备投入练兵备战，加快推进战略预警、空中打击、防空反导、信息对抗、空降作战、战略投送和综合保障能力建设。,空军部队陆续换装新型武器装备,http://news.china.com.cn/2019-11/19/content_75423178.htm,"['这些', '年', '，', '歼-', '10', '系列', '、', '轰-', '6K', '、', '预警机系列', '、', '红旗', '-', '9', '系列', '、', '无人机系列', '等', '国产', '新型', '武器', '装备', '投入', '练兵', '备战', '，', '加快', '推进', '战略', '预警', '、', '空中', '打击', '、', '防空', '反导', '、', '信息', '对抗', '、', '空降', '作战', '、', '战略', '投送', '和', '综合', '保障', '能力', '建设', '。']","['年', '歼-', '10', '系列', '轰-', '6K', '预警机系列', '红旗', '系列', '无人机系列', '国产', '新型', '武器', '装备', '投入', '练兵', '备战', '加快', '推进', '战略', '预警', '空中', '打击', '防空', '反导', '信息', '对抗', '空降', '作战', '战略', '投送', '综合', '保障', '能力', '建设']","['系列', '-', '战略', '能力', '歼']",国防
2019/11/12 13:17:14,走过峥嵘岁月，奋进伟大时代，开辟光明未来，人民空军的昨天、今天和明天，始终把忠诚和使命镌刻在祖国的蓝天，书写辉煌篇章。,人民空军70年，强军思想指引新航程,http://news.china.com.cn/2019-11/12/content_75399514.htm,"['走过', '峥嵘岁月', '，', '奋进', '伟大', '时代', '，', '开辟', '光明', '未来', '，', '人民', '空军', '的', '昨天', '、', '今天', '和', '明天', '，', '始终', '把', '忠诚', '和', '使命', '镌刻', '在', '祖国', '的', '蓝天', '，', '书写', '辉煌', '篇章', '。']","['走过', '峥嵘岁月', '奋进', '时代', '开辟', '光明', '未来', '人民', '空军', '昨天', '明天', '始终', '忠诚', '使命', '镌刻', '祖国', '蓝天', '书写', '辉煌', '篇章']","['辉煌', '峥嵘岁月', '书写', '蓝天', '祖国']",历史
2019/11/12 0:34:12,在人民空军成立70周年之际，空军官方微博“空军发布”发布致敬“双11”的1分11秒宣传片。,空军发布致敬“双11”影像：歼20轰6N等新机型出镜,http://news.china.com.cn/2019-11/12/content_75397200.htm,"['在', '人民', '空军', '成立', '70周年', '之际', '，', '空军', '官方', '微博', '“', '空军', '发布', '”', '发布', '致敬', '“', '双', '11', '”', '的', '1分11秒宣传片', '。']","['人民', '空军', '成立', '70周年', '之际', '空军', '官方', '微博', '空军', '发布', '发布', '致敬', '双', '11', '1分11秒宣传片']","['空军', '11', '秒', '发布', '周年']",历史
2019/11/12 0:34:12,俯冲盘旋若雄鹰翱翔　彩烟飘过如道道虹光　当晨光穿破夜幕，你已早早扬帆起航　,人民空军成立70年丨战机飞到手机上 点开屏幕换壁纸,http://news.china.com.cn/2019-11/12/content_75397201_2.htm,"['俯冲', '盘旋', '若', '雄鹰', '翱翔', '彩烟', '飘', '过', '如', '道', '道', '虹光', '当', '晨光', '穿破', '夜幕', '，', '你', '已', '早早', '扬帆', '起航']","['俯冲', '盘旋', '雄鹰', '翱翔', '彩烟', '飘', '道', '道', '虹光', '晨光', '穿破', '夜幕', '早早', '扬帆', '起航']","['', '盘旋', '扬帆', '早早', '已']",其它
2019/11/11 9:53:24,一部人民空军的历史，就是在战火中锤炼、在战斗中成长的光荣史。,奋飞空天向打赢——人民空军战斗力建设成就述评,http://news.china.com.cn/2019-11/11/content_75394869.htm,"['一', '部', '人民', '空军', '的', '历史', '，', '就是', '在', '战火', '中', '锤炼', '、', '在', '战斗', '中', '成长', '的', '光荣', '史', '。']","['部', '人民', '空军', '历史', '战火', '中', '锤炼', '中', '成长', '光荣', '史']","['中', '人民', '成长', '历史', '空军']",其它
2019/11/11 9:47:44,70年来，人民空军始终不忘初心、牢记使命，始终把捍卫空天安全作为不懈的追求。”人民空军枕戈待旦、常备不懈，警巡东海、战巡南海、前出西太、飞跃岛链、砺剑高原，筑起党和人民信赖的空中钢铁长城。,写在人民空军成立70周年之际：向着更高更远的空天奋飞,http://military.china.com.cn/2019-11/11/content_75394850.htm,"['70年', '来', '，', '人民', '空军', '始终', '不', '忘', '初心', '、', '牢记', '使命', '，', '始终', '把', '捍卫', '空天', '安全', '作为', '不懈', '的', '追求', '。', '”', '人民', '空军枕戈待旦', '、', '常备', '不懈', '，', '警巡', '东海', '、', '战巡', '南海', '、', '前', '出西', '太', '、', '飞跃岛', '链', '、', '砺剑高原', '，', '筑', '起', '党', '和', '人民', '信赖', '的', '空中钢铁长城', '。']","['70年', '人民', '空军', '始终', '忘', '初心', '牢记', '使命', '始终', '捍卫', '空天', '不懈', '追求', '人民', '空军枕戈待旦', '常备', '不懈', '警巡', '东海', '战巡', '南海', '前', '出西', '太', '飞跃岛', '链', '砺剑高原', '筑', '党', '人民', '信赖', '空中钢铁长城']","['巡', '人民', '始终', '空中', '不懈']",其它
2019/11/11 9:46:50,回眸高飞远航的70年，战斗力建设永远是空军各项建设的轴心，空军将士的主责主业永远是备战打仗。,奋飞空天向打赢——人民空军战斗力建设成就述评,http://news.china.com.cn/2019-11/11/content_75394847.htm,"['回眸', '高飞', '远航', '的', '70年', '，', '战斗力', '建设', '永远', '是', '空军', '各项', '建设', '的', '轴心', '，', '空军', '将士', '的', '主责', '主业', '永远', '是', '备战', '打仗', '。']","['回眸', '高飞', '远航', '70年', '战斗力', '建设', '永远', '空军', '各项', '建设', '轴心', '空军', '将士', '主责', '主业', '永远', '备战', '打仗']","['空军', '建设', '永远', '高飞', '备战']",其它
2019/11/11 9:40:45,人民空军建功于蓝天，巡航于远海，御卫于苍穹。,海报丨庆祝人民空军成立70周年,http://news.china.com.cn/2019-11/11/content_75394796.htm,"['人民', '空军', '建功于蓝天', '，', '巡航', '于', '远海', '，', '御卫', '于', '苍穹', '。']","['人民', '空军', '建功于蓝天', '巡航', '远海', '御卫', '苍穹']","['卫', '空军', '御', '远海', '巡航']",其它
2019/11/11 8:23:52,11月7日，空军歼-20战机开展飞行训练。新华社发（杨盼 摄）　　空军轰-6K战机开展飞行训练（资料照片）。新华社发（万全 摄）,奋飞空天向打赢——人民空军战斗力建设成就述评[组图],http://photo.china.com.cn/2019-11/11/content_75394180_2.htm,"['11月7日', '，', '空军', '歼-', '20', '战机', '开展', '飞行', '训练', '。', '新华社', '发', '（', '杨盼', '摄', '）', '空军', '轰-', '6K', '战机', '开展', '飞行', '训练', '（', '资料', '照片', '）', '。', '新华社', '发', '（', '万', '全', '摄', '）']","['11月7日', '空军', '歼-', '20', '战机', '飞行', '训练', '新华社', '发', '杨盼', '摄', '空军', '轰-', '6K', '战机', '飞行', '训练', '资料', '照片', '新华社', '发', '万', '全', '摄']","['（', '', '-', '空军', '战机']",其它
2019/11/11 0:24:15,11月7日，空军歼-10C战机开展飞行训练。,奋飞空天向打赢——人民空军战斗力建设成就述评,http://news.china.com.cn/2019-11/11/content_75393398_2.htm,"['11月7日', '，', '空军', '歼-', '10C', '战机', '开展', '飞行', '训练', '。']","['11月7日', '空军', '歼-', '10C', '战机', '飞行', '训练']","['飞行', '月', '开展', '战机', '10C']",其它
2019/11/8 9:54:46,2014年6月17日，习主席在接见空军第十二次党代会代表时强调，坚持从严治党，切实抓好空军党的建设，为建设强大人民空军提供可靠保证。,阳光照耀奋飞的航程——党中央、中央军委和习主席关心人民空军建设发展纪实,http://guoqing.china.com.cn/2019zgxg/2019-11/08/content_75387278.html,"['2014年6月17日', '，', '习', '主席', '在', '接见', '空军第十二次党代会', '代表', '时', '强调', '，', '坚持', '从严', '治', '党', '，', '切实', '抓好', '空军', '党', '的', '建设', '，', '为', '建设', '强大', '人民', '空军', '提供', '可靠', '保证', '。']","['2014年6月17日', '习', '主席', '接见', '空军第十二次党代会', '代表', '时', '治', '党', '切实', '抓好', '空军', '党', '建设', '建设', '强大', '人民', '空军', '提供', '可靠', '保证']","['空军', '可靠', '建设', '年', '切实']",其它
2019/11/8 7:19:15,1949年10月1日，中华人民共和国开国大典阅兵，17架飞机组成的飞行编队飞过天安门广场上空。新华社发（柴进 摄）　　2011年，中国空军和巴基斯坦空军首次开展联合训练。新华社发（刘应华 摄）　　2018年，空军运-5飞机在沙漠上空进行飞播造林作业。,阳光照耀奋飞的航程——党中央、中央军委和习主席关心人民空军建设发展纪实,http://photo.china.com.cn/2019-11/08/content_75386102_14.htm,"['1949年10月1日', '，', '中华人民共和国', '开国大典', '阅兵', '，', '17架', '飞机', '组成', '的', '飞行', '编队', '飞过', '天安门广场', '上空', '。', '新华社', '发', '（', '柴', '进', '摄', '）', '2011年', '，', '中国空军', '和', '巴基斯坦', '空军', '首次', '开展', '联合', '训练', '。', '新华社', '发', '（', '刘应华', '摄', '）', '2018年', '，', '空军', '运-', '5', '飞机', '在', '沙漠', '上空', '进行', '飞播', '造林', '作业', '。']","['1949年10月1日', '中华人民共和国', '开国大典', '阅兵', '17架', '飞机', '飞行', '编队', '飞过', '天安门广场', '上空', '新华社', '发', '柴', '进', '摄', '2011年', '中国空军', '巴基斯坦', '空军', '首次', '联合', '训练', '新华社', '发', '刘应华', '摄', '2018年', '空军', '运-', '飞机', '沙漠', '上空', '飞播', '造林', '作业']","['', '年', '飞机', '空军', '造林']",其它
2019/11/8 3:30:32,回眸壮阔70年的奋飞征程，空军将士永远铭记党中央和中央军委为空军建设发展倾注的深情与厚爱。一代代空军官兵用青春、热血和生命书写强军战歌，把忠诚和使命镌刻在祖国的蓝天。,阳光照耀奋飞的航程——党中央、中央军委和习主席关心人民空军建设发展纪实,http://news.china.com.cn/2019-11/08/content_75385910.htm,"['回眸', '壮阔', '70年', '的', '奋飞', '征程', '，', '空军', '将士', '永远', '铭记', '党中央', '和', '中央军委', '为', '空军', '建设', '发展', '倾注', '的', '深情', '与', '厚爱', '。', '一代代', '空军', '官兵', '用', '青春', '、', '热血', '和', '生命', '书写', '强军', '战歌', '，', '把', '忠诚', '和', '使命', '镌刻', '在', '祖国', '的', '蓝天', '。']","['回眸', '壮阔', '70年', '奋飞', '征程', '空军', '将士', '永远', '铭记', '党中央', '中央军委', '空军', '建设', '发展', '倾注', '深情', '厚爱', '一代代', '空军', '官兵', '青春', '热血', '生命', '书写', '强军', '战歌', '忠诚', '使命', '镌刻', '祖国', '蓝天']","['空军', '祖国', '深情', '壮阔', '镌刻']",其它
2019/11/8 0:21:38,阳光照耀奋飞的航程——党中央、中央军委和习主席关心人民空军建设发展纪实。,阳光照耀奋飞的航程——党中央、中央军委和习主席关心人民空军建设发展纪实,http://news.china.com.cn/2019-11/08/content_75385505_14.htm,"['阳光', '照耀', '奋飞', '的', '航程', '——', '党中央', '、', '中央军委', '和', '习', '主席', '关心', '人民', '空军', '建设', '发展', '纪实', '。']","['阳光', '照耀', '奋飞', '航程', '党中央', '中央军委', '习', '主席', '关心', '人民', '空军', '建设', '发展', '纪实']","['发展', '—', '照耀', '建设', '空军']",其它
2019/11/7 20:02:08,题：阳光照耀奋飞的航程——党中央、中央军委和习主席关心人民空军建设发展纪实　70年来，在党中央和中央军委的坚强领导下，人民空军广大官兵搏击长空、逐梦蓝天，按照加快建设一支强大的现代化人民空军的蓝图奋勇向前。,阳光照耀奋飞的航程——党中央、中央军委和习主席关心人民空军建设发展纪实,http://news.china.com.cn/2019-11/07/content_75385244.htm,"['题', '：', '阳光', '照耀', '奋飞', '的', '航程', '——', '党中央', '、', '中央军委', '和', '习', '主席', '关心', '人民', '空军', '建设', '发展', '纪实', '70年', '来', '，', '在', '党中央', '和', '中央军委', '的', '坚强', '领导', '下', '，', '人民', '空军', '广大', '官兵', '搏击', '长空', '、', '逐', '梦', '蓝天', '，', '按照', '加快', '建设', '一', '支', '强大', '的', '现代化', '人民', '空军', '的', '蓝图', '奋勇', '向前', '。']","['题', '阳光', '照耀', '奋飞', '航程', '党中央', '中央军委', '习', '主席', '关心', '人民', '空军', '建设', '发展', '纪实', '70年', '党中央', '中央军委', '坚强', '领导', '人民', '空军', '官兵', '搏击', '长空', '逐', '梦', '蓝天', '加快', '建设', '支', '强大', '现代化', '人民', '空军', '蓝图', '向前']","['人民', '空军', '建设', '奋勇', '中央军委']",其它
2019/11/6 0:09:00,我爱祖国的蓝天——空军强军主题纪念封8张“同框照”背后的故事。,我爱祖国的蓝天——空军强军主题纪念封8张“同框照”背后的故事,http://news.china.com.cn/2019-11/06/content_75377442_4.htm,"['我', '爱', '祖国', '的', '蓝天', '——', '空军强军主题纪念封', '8张', '“', '同', '框照', '”', '背后', '的', '故事', '。']","['爱', '祖国', '蓝天', '空军强军主题纪念封', '8张', '框照', '背后', '故事']","['背后', '—', '祖国', '框', '张']",其它
2019/11/5 9:32:05,在海军、空军发展壮大的同时，陆军也一直在建设一支强大的现代化新型陆军的征途上蹄疾步稳。 展览中提到，从1950年开始，公安部队、防空部队和炮兵、装甲兵、工兵、通信兵、防化兵、铁道兵等领导机构及部队也陆续组建。,数十个“首次”和“第一”见证中国军队70年跨越式发展,http://news.china.com.cn/2019-11/05/content_75375048.htm,"['在', '海军', '、', '空军', '发展', '壮大', '的', '同时', '，', '陆军', '也', '一直', '在', '建设', '一', '支', '强大', '的', '现代化', '新型', '陆军', '的', '征途', '上', '蹄', '疾步', '稳', '。', '展览', '中', '提到', '，', '从', '1950年', '开始', '，', '公安部队', '、', '防空', '部队', '和', '炮兵', '、', '装甲兵', '、', '工兵', '、', '通信', '兵', '、', '防', '化', '兵', '、', '铁道兵', '等', '领导', '机构', '及', '部队', '也', '陆续', '组建', '。']","['海军', '空军', '发展', '壮大', '陆军', '建设', '支', '强大', '现代化', '新型', '陆军', '征途', '蹄', '疾步', '稳', '展览', '中', '提到', '1950年', '公安部队', '防空', '部队', '炮兵', '装甲兵', '工兵', '通信', '兵', '防', '化', '兵', '铁道兵', '领导', '机构', '部队', '陆续', '组建']","['陆军', '陆续', '展览', '疾步', '空军']",其它
2019/11/4 7:39:32,空军参谋部训练局有关负责人介绍，空军航空兵阔步强军新征程，力量结构更加优化，兵力要素更加齐全，作战链条更加完备，正在成长为空军标志性作战力量。进入新时代，空军航空兵警巡东海、战巡南海、前出西太、绕岛巡航，远海远洋训练实现常态化、体系化、实战化，不断延伸新航迹。,人民空军航空兵体系作战能力实现新跨越,http://news.china.com.cn/2019-11/04/content_75370163.htm,"['空军参谋部训练局', '有关', '负责人', '介绍', '，', '空军', '航空兵', '阔步', '强军', '新', '征程', '，', '力量', '结构', '更加', '优化', '，', '兵力', '要素', '更加', '齐全', '，', '作战', '链条', '更加', '完备', '，', '正在', '成长', '为', '空军', '标志性', '作战', '力量', '。', '进入', '新时代', '，', '空军', '航空兵警巡东海', '、', '战巡', '南海', '、', '前', '出', '西太', '、', '绕', '岛', '巡航', '，', '远海', '远洋', '训练', '实现', '常态化', '、', '体系化', '、', '实战化', '，', '不断', '延伸', '新', '航迹', '。']","['空军参谋部训练局', '负责人', '介绍', '空军', '航空兵', '阔步', '强军', '新', '征程', '力量', '结构', '优化', '兵力', '要素', '齐全', '作战', '链条', '完备', '成长', '空军', '标志性', '作战', '力量', '新时代', '空军', '航空兵警巡东海', '战巡', '南海', '前', '出', '西太', '绕', '岛', '巡航', '远海', '远洋', '训练', '常态化', '体系化', '实战化', '延伸', '新', '航迹']","['更加', '空军', '新', '巡', '作战']",其它
2019/11/2 4:09:56,从同角度对比不同国家的同类武器装备总能有惊喜发现，在这里给大家献上一组中美俄四款隐形战斗机的“肚皮照”和“背部照”对比，它们分别是中国的歼-20战斗机、美国的F-22和F-35战斗机、俄罗斯的苏-57战斗机。,中美俄隐形战斗机“肚皮照”对比 谁更酷炫？,http://news.china.com.cn/2019-11/02/content_75365644.htm,"['从', '同', '角度', '对比', '不同', '国家', '的', '同类', '武器', '装备', '总能', '有', '惊喜', '发现', '，', '在', '这里', '给', '大家', '献上', '一', '组', '中美', '俄', '四款', '隐形', '战斗机', '的', '“', '肚皮', '照', '”', '和', '“', '背部', '照', '”', '对比', '，', '它们', '分别', '是', '中国', '的', '歼-', '20', '战斗机', '、', '美国', '的', 'F-22', '和', 'F-', '35', '战斗机', '、', '俄罗斯', '的', '苏-', '57', '战斗机', '。']","['角度', '国家', '同类', '武器', '装备', '总能', '惊喜', '发现', '献上', '组', '中美', '俄', '四款', '隐形', '战斗机', '肚皮', '背部', '中国', '歼-', '20', '战斗机', '美国', 'F-22', 'F-', '35', '战斗机', '俄罗斯', '苏-', '57', '战斗机']","['-', '战斗机', '对比', 'F', '中国']",其它
2019/10/30 4:44:32,10月28日，中国空军官方微博“空军发布”发布了名为《歼-20影像志：我爱祖国的蓝天！》的宣传视频，展现了空军歼-20战机的精彩训练画面，从多个角度展示了歼-20多机编队的风采。,歼20大量新镜头曝光：人民空军越强大，天空越安宁！,http://news.china.com.cn/2019-10/30/content_75353646.htm,"['10月28日', '，', '中国空军官方微博', '“', '空军', '发布', '”', '发布', '了', '名', '为', '《', '歼', '-', '20', '影像', '志', '：', '我', '爱', '祖国', '的', '蓝天', '！', '》', '的', '宣传', '视频', '，', '展现', '了', '空军', '歼-', '20', '战机', '的', '精彩', '训练', '画面', '，', '从', '多个', '角度', '展示', '了', '歼-', '20多机', '编队', '的', '风采', '。']","['10月28日', '中国空军官方微博', '空军', '发布', '发布', '名', '歼', '20', '影像', '志', '爱', '祖国', '蓝天', '宣传', '视频', '展现', '空军', '歼-', '20', '战机', '精彩', '训练', '画面', '多个', '角度', '展示', '歼-', '20多机', '编队', '风采']","['20', '歼', '编队', '视频', '祖国']",其它
2019/10/29 16:00:56,加强国防教育，增强国防观念，提升爱国主义精神，是促进春蕾女童健康发展的重要途径。,不负年华共蓝天————记蓝天春蕾国防教育实践营活动,http://zw.china.com.cn/2019-10/29/content_75352132.html,"['加强', '国防', '教育', '，', '增强', '国防', '观念', '，', '提升', '爱国主义', '精神', '，', '是', '促进', '春蕾', '女童', '健康', '发展', '的', '重要', '途径', '。']","['国防', '教育', '增强', '国防', '观念', '提升', '爱国主义', '精神', '春蕾', '女童', '健康', '发展', '途径']","['重要', '国防教育', '发展', '健康', '女童']",国防
2019/10/22 9:47:41,10月21日，在庆祝人民空军成立70周年为主题的航空开放活动上，空军八一飞行表演队歼-10飞机编队从静态展示的新型雷达上空飞过。 新华社发（万全 摄）　　10月21日，在庆祝人民空军成立70周年为主题的航空开放活动上，空军歼-20飞机从静态展示的新型雷达上空飞过。,空军航空开放活动向老百姓展现强国兴军之美,http://cppcc.china.com.cn/2019-10/22/content_75326475.htm,"['10月21日', '，', '在', '庆祝', '人民', '空军', '成立', '70周年', '为', '主题', '的', '航空', '开放', '活动', '上', '，', '空军八一飞行表演队', '歼', '-', '10飞机编队', '从', '静态', '展示', '的', '新型', '雷达', '上空', '飞过', '。', '新华社', '发', '（', '万', '全', '摄', '）', '10月21日', '，', '在', '庆祝', '人民', '空军', '成立', '70周年', '为', '主题', '的', '航空', '开放', '活动', '上', '，', '空军', '歼-', '20', '飞机', '从', '静态', '展示', '的', '新型', '雷达', '上空', '飞过', '。']","['10月21日', '庆祝', '人民', '空军', '成立', '70周年', '主题', '航空', '开放', '活动', '空军八一飞行表演队', '歼', '10飞机编队', '静态', '展示', '新型', '雷达', '上空', '飞过', '新华社', '发', '万', '全', '摄', '10月21日', '庆祝', '人民', '空军', '成立', '70周年', '主题', '航空', '开放', '活动', '空军', '歼-', '20', '飞机', '静态', '展示', '新型', '雷达', '上空', '飞过']","['', '空军', '上空', '飞机', '静态']",空军
2019/10/22 7:54:16,10月21日，在庆祝人民空军成立70周年为主题的航空开放活动上，空军多型号飞机从静态展示的新型雷达上空飞过。,空军航空开放活动向老百姓展现强国兴军之美,http://news.china.com.cn/2019-10/22/content_75325630_3.htm,"['10月21日', '，', '在', '庆祝', '人民', '空军', '成立', '70周年', '为', '主题', '的', '航空', '开放', '活动', '上', '，', '空军', '多', '型号', '飞机', '从', '静态', '展示', '的', '新型', '雷达', '上空', '飞过', '。']","['10月21日', '庆祝', '人民', '空军', '成立', '70周年', '主题', '航空', '开放', '活动', '空军', '型号', '飞机', '静态', '展示', '新型', '雷达', '上空', '飞过']","['空军', '上空', '月', '雷达', '新型']",空军
2019/10/22 0:10:06,在庆祝人民空军成立70周年为主题的航空开放活动上，空军运-20飞机从静态展示的新型雷达上空飞过。,空军航空开放活动向老百姓展现强国兴军之美,http://military.china.com.cn/2019-10/22/content_75324836_3.htm,"['在', '庆祝', '人民', '空军', '成立', '70周年', '为', '主题', '的', '航空', '开放', '活动', '上', '，', '空军', '运-', '20', '飞机', '从', '静态', '展示', '的', '新型', '雷达', '上空', '飞过', '。']","['庆祝', '人民', '空军', '成立', '70周年', '主题', '航空', '开放', '活动', '空军', '运-', '20', '飞机', '静态', '展示', '新型', '雷达', '上空', '飞过']","['空军', '上空', '人民', '雷达', '新型']",空军
2019/10/21 7:17:42,空军雷达兵全面推进由数量规模型向质量效能型转变，由国土防空预警向空天战略预警拓展升级，由防空预警向防空反导预警一体发展推进。,空军航空开放活动“第一现场”透射强国兴军新航迹,http://news.china.com.cn/2019-10/21/content_75321386.htm,"['空军', '雷达兵', '全面', '推进', '由', '数量', '规模', '型', '向', '质量', '效能', '型', '转变', '，', '由', '国土', '防空', '预警', '向', '空天', '战略', '预警', '拓展', '升级', '，', '由', '防空', '预警', '向', '防空', '反导', '预警', '一体', '发展', '推进', '。']","['空军', '雷达兵', '推进', '数量', '规模', '型', '质量', '效能', '型', '国土', '防空', '预警', '空天', '战略', '预警', '拓展', '升级', '防空', '预警', '防空', '反导', '预警', '一体', '发展', '推进']","['预警', '型', '防空', '推进', '雷达兵']",空军
2019/10/21 0:44:47,10月19日，在庆祝人民空军成立70周年航空开放活动上，空军歼-20战机进行挂弹飞行展示。,空军航空开放活动“第一现场”透射强国兴军新航迹,http://military.china.com.cn/2019-10/21/content_75321168_3.htm,"['10月19日', '，', '在', '庆祝', '人民', '空军', '成立', '70周年', '航空', '开放', '活动', '上', '，', '空军', '歼-', '20', '战机', '进行', '挂弹', '飞行', '展示', '。']","['10月19日', '庆祝', '人民', '空军', '成立', '70周年', '航空', '开放', '活动', '空军', '歼-', '20', '战机', '挂弹', '飞行', '展示']","['空军', '飞行', '月', '弹', '挂']",空军
2019/10/18 14:14:51,“威龙”出击，“鲲鹏”展翅。17日在吉林长春开幕的庆祝人民空军成立70周年航空开放活动上，空军新一代隐身战机歼-20和大型运输机运-20亮相长春，做精彩的飞行展示。作为空军新一代战机的代表，“20系列”战机志存高远、走近民众，在人民空军70华诞到来之际再一次展现空天力量，传播空天文化。,直击航空开放活动空军“20系列”新型战机空中展示,http://news.china.com.cn/2019-10/18/content_75315817.htm,"['“', '威龙', '”', '出击', '，', '“', '鲲鹏', '”', '展翅', '。', '17日', '在', '吉林长春', '开幕', '的', '庆祝', '人民', '空军', '成立', '70周年', '航空', '开放', '活动', '上', '，', '空军', '新一代', '隐身', '战机', '歼', '-', '20', '和', '大型', '运输机', '运-', '20亮', '相', '长春', '，', '做', '精彩', '的', '飞行', '展示', '。', '作为', '空军', '新一代', '战机', '的', '代表', '，', '“', '20', '系列', '”', '战机', '志存高远', '、', '走近', '民众', '，', '在', '人民', '空军', '70华诞', '到来', '之际', '再', '一次', '展现', '空天', '力量', '，', '传播', '空天', '文化', '。']","['威龙', '出击', '鲲鹏', '展翅', '17日', '吉林长春', '开幕', '庆祝', '人民', '空军', '成立', '70周年', '航空', '开放', '活动', '空军', '新一代', '隐身', '战机', '歼', '20', '大型', '运输机', '运-', '20亮', '相', '长春', '做', '精彩', '飞行', '展示', '空军', '新一代', '战机', '代表', '20', '系列', '战机', '志存高远', '走近', '民众', '人民', '空军', '70华诞', '到来', '之际', '展现', '空天', '力量', '传播', '空天', '文化']","['战机', '20', '空军', '天', '长春']",空军
2019/10/18 14:11:27,庆祝人民空军成立70周年航空开放活动17日在吉林长春开幕。人民空军以前所未有的强大阵容亮相长春，颂扬中国航空事业110年发展成就，以开放、自信的姿态为即将到来的人民空军70华诞献上大礼。,空军以全盛阵容展翅长春庆祝成立70周年,http://news.china.com.cn/2019-10/18/content_75315812.htm,"['庆祝', '人民', '空军', '成立', '70周年', '航空', '开放', '活动', '17日', '在', '吉林长春', '开幕', '。', '人民', '空军', '以', '前所未有', '的', '强大', '阵容', '亮相', '长春', '，', '颂扬', '中国', '航空', '事业', '110年', '发展', '成就', '，', '以', '开放', '、', '自信', '的', '姿态', '为', '即将', '到来', '的', '人民', '空军', '70华诞', '献上', '大礼', '。']","['庆祝', '人民', '空军', '成立', '70周年', '航空', '开放', '活动', '17日', '吉林长春', '开幕', '人民', '空军', '前所未有', '强大', '阵容', '亮相', '长春', '颂扬', '中国', '航空', '事业', '110年', '发展', '成就', '开放', '自信', '姿态', '到来', '人民', '空军', '70华诞', '献上', '大礼']","['长春', '人民', '空军', '开放', '航空']",空军
2019/10/18 13:52:56,10月17日上午，庆祝人民空军成立70周年航空开放活动在吉林长春开幕，空军多型武器装备大规模、全系统亮相现场。,空军开放日正式开幕 主力战机成体系为空军“庆生”,http://news.china.com.cn/2019-10/18/content_75315719.htm,"['10月17日', '上午', '，', '庆祝', '人民', '空军', '成立', '70周年', '航空', '开放', '活动', '在', '吉林长春', '开幕', '，', '空军', '多', '型', '武器', '装备', '大规模', '、', '全', '系统', '亮相', '现场', '。']","['10月17日', '上午', '庆祝', '人民', '空军', '成立', '70周年', '航空', '开放', '活动', '吉林长春', '开幕', '空军', '型', '武器', '装备', '大规模', '全', '系统', '亮相', '现场']","['空军', '亮相', '月', '系统', '全']",空军
2019/10/18 6:00:00,歼-20和运-20机型首次在东北地区进行飞行展示。,歼-20、运-20首次在东北地区进行飞行展示,http://news.china.com.cn/2019-10/18/content_75313054_2.htm,"['歼-', '20', '和', '运-', '20', '机型', '首次', '在', '东北', '地区', '进行', '飞行', '展示', '。']","['歼-', '20', '运-', '20', '机型', '首次', '东北', '地区', '飞行', '展示']","['-', '飞行', '20', '进行', '东北地区']",其它
2019/10/17 21:38:11,10月17日，庆祝人民空军成立70周年航空开放活动在吉林长春拉开帷幕。静态展示的航空装备包括19型19架飞机，涵盖了歼击机、轰炸机、运输机、预警机、教练机、直升机和无人机，及空空导弹、航空火箭弹和激光制导炸弹等配套的航空弹药。,中国空军航空开放活动在长春举行 歼-20、运-20亮相,http://news.china.com.cn/2019-10/17/content_75312920.htm,"['10月17日', '，', '庆祝', '人民', '空军', '成立', '70周年', '航空', '开放', '活动', '在', '吉林', '长春', '拉开', '帷幕', '。', '静态', '展示', '的', '航空', '装备', '包括', '19', '型', '19架', '飞机', '，', '涵盖', '了', '歼击机', '、', '轰炸机', '、', '运输机', '、', '预警机', '、', '教练机', '、', '直升机', '和', '无人机', '，', '及', '空空导弹', '、', '航空火箭弹', '和', '激光', '制导', '炸弹', '等', '配套', '的', '航空', '弹药', '。']","['10月17日', '庆祝', '人民', '空军', '成立', '70周年', '航空', '开放', '活动', '吉林', '长春', '拉开', '帷幕', '静态', '展示', '航空', '装备', '包括', '19', '型', '19架', '飞机', '涵盖', '歼击机', '轰炸机', '运输机', '预警机', '教练机', '直升机', '无人机', '空空导弹', '航空火箭弹', '激光', '制导', '炸弹', '配套', '航空', '弹药']","['航空', '19', '拉开', '月', '展示']",展览
2019/10/17 15:38:30,2019年10月17日，庆祝人民空军成立70周年航空开放活动吉林长春举办。,庆祝人民空军成立70周年航空开放活动吉林长春举办,http://news.china.com.cn/2019-10/17/content_75311845_4.htm,"['2019年10月17日', '，', '庆祝', '人民', '空军', '成立', '70周年', '航空', '开放', '活动', '吉林长春', '举办', '。']","['2019年10月17日', '庆祝', '人民', '空军', '成立', '70周年', '航空', '开放', '活动', '吉林长春', '举办']","['长春', '年', '吉林', '活动', '开放']",展览
2019/10/17 14:38:07,17日至21日，庆祝人民空军成立70周年航空开放活动在长春举行。,【庆祝人民空军成立70周年】歼-20、运-20首次在长春动态展示,"http://military.china.com.cn/2019-10/17/content_75311438_8.htm""}","['17日', '至', '21日', '，', '庆祝', '人民', '空军', '成立', '70周年', '航空', '开放', '活动', '在', '长春', '举行', '。']","['17日', '21日', '庆祝', '人民', '空军', '成立', '70周年', '航空', '开放', '活动', '长春']","['日', '长春', '活动', '开放', '航空']",展览
2019/10/16 13:25:51,以习近平同志为核心的党中央，团结带领全党全国各族人民，坚持以人民为中心的发展思想，统揽伟大斗争、伟大工程、伟大事业、伟大梦想，统筹推进“五位一体”总体布局，协调推进“四个全面”战略布局,150个新中国第一 见证新中国七十年光辉岁月——走向复兴,http://guoqing.china.com.cn/2019-10/16/content_75300176.html,"['以习', '近平', '同志', '为', '核心', '的', '党中央', '，', '团结', '带领', '全党全国', '各族', '人民', '，', '坚持', '以', '人民', '为', '中心', '的', '发展', '思想', '，', '统揽', '伟大', '斗争', '、', '伟大', '工程', '、', '伟大', '事业', '、', '伟大', '梦想', '，', '统筹', '推进', '“', '五位一体', '”', '总体', '布局', '，', '协调', '推进', '“', '四个', '全面', '”', '战略', '布局']","['以习', '近平', '同志', '核心', '党中央', '团结', '带领', '全党全国', '各族', '人民', '人民', '中心', '发展', '思想', '统揽', '斗争', '工程', '事业', '梦想', '统筹', '推进', '五位一体', '总体', '布局', '协调', '推进', '四个', '战略', '布局']","['伟大', '推进', '人民', '布局', '同志']",展览
2019/10/14 11:18:04,庆祝人民空军成立70周年航空开放活动新闻发布会13日在北京举行，会上宣布10月17日至21日，庆祝人民空军成立70周年航空开放活动将在吉林长春进行，歼-20、运-20将首次在空军开放活动中展示。,阅兵后空军再放“大招” 歼-20运-20长春首秀,http://news.china.com.cn/2019-10/14/content_75299299.htm,"['庆祝', '人民', '空军', '成立', '70周年', '航空', '开放', '活动', '新闻发布会', '13日', '在', '北京', '举行', '，', '会上', '宣布', '10月17日', '至', '21日', '，', '庆祝', '人民', '空军', '成立', '70周年', '航空', '开放', '活动', '将', '在', '吉林长春', '进行', '，', '歼-', '20', '、', '运', '-', '20', '将', '首次', '在', '空军', '开放', '活动', '中', '展示', '。']","['庆祝', '人民', '空军', '成立', '70周年', '航空', '开放', '活动', '新闻发布会', '13日', '北京', '会上', '10月17日', '21日', '庆祝', '人民', '空军', '成立', '70周年', '航空', '开放', '活动', '吉林长春', '歼-', '20', '运', '20', '首次', '空军', '开放', '活动', '中', '展示']","['日', '活动', '空军', '20', '-']",其它
2019/10/14 11:14:27,庆祝人民空军成立70周年航空开放活动将于10月17日至21日在人民空军的摇篮——吉林长春举行。配套活动方面，包括空军招飞宣传展示、空军航空大学军营开放等活动，同时安排公众参与互动等内容。,重磅！空军现役主要机种将集体亮相长春航空开放活动,http://news.china.com.cn/2019-10/14/content_75299293.htm,"['庆祝', '人民', '空军', '成立', '70周年', '航空', '开放', '活动', '将', '于', '10月17日', '至', '21日', '在', '人民', '空军', '的', '摇篮', '——', '吉林长春', '举行', '。', '配套', '活动', '方面', '，', '包括', '空军', '招飞', '宣传', '展示', '、', '空军航空大学', '军营', '开放', '等', '活动', '，', '同时', '安排', '公众', '参与', '互动', '等', '内容', '。']","['庆祝', '人民', '空军', '成立', '70周年', '航空', '开放', '活动', '10月17日', '21日', '人民', '空军', '摇篮', '吉林长春', '配套', '活动', '包括', '空军', '招飞', '宣传', '展示', '空军航空大学', '军营', '开放', '活动', '安排', '公众', '参与', '互动', '内容']","['空军', '活动', '日', '互动', '长春']",其它
2019/10/14 7:21:54,“在新时代练兵备战中，歼-20战机列阵人民空军‘王牌部队’。申进科介绍，列阵歼-20战机的这支空军“王牌部队”，曾经击落击伤敌机59架，涌现出王海、孙生禄两位空军一级战斗英雄。,歼-20战机列阵人民空军“王牌部队”,http://news.china.com.cn/2019-10/14/content_75297902.htm,"['“', '在', '新时代', '练兵', '备战', '中', '，', '歼-', '20', '战机', '列阵', '人民', '空军', '‘', '王牌', '部队', '’', '。', '申进科', '介绍', '，', '列阵', '歼-', '20', '战机', '的', '这', '支', '空军', '“', '王牌', '部队', '”', '，', '曾经', '击', '落击', '伤', '敌机', '59架', '，', '涌现', '出', '王海', '、', '孙生禄', '两位', '空军', '一级', '战斗英雄', '。']","['新时代', '练兵', '备战', '中', '歼-', '20', '战机', '列阵', '人民', '空军', '王牌', '部队', '申进科', '介绍', '列阵', '歼-', '20', '战机', '支', '空军', '王牌', '部队', '击', '落击', '伤', '敌机', '59架', '涌现', '出', '王海', '孙生禄', '两位', '空军', '一级', '战斗英雄']","['空军', '部队', '进', '列阵', '练兵']",其它
2019/10/14 0:25:00,庆祝人民空军成立70周年航空开放活动将于10月17日至21日在人民空军的摇篮——吉林长春举行。歼-20、歼-16、运-20等新型主力战机,空军现役主要机种将亮相长春航空开放活动,http://news.china.com.cn/2019-10/14/content_75297622.htm,"['庆祝', '人民', '空军', '成立', '70周年', '航空', '开放', '活动', '将', '于', '10月17日', '至', '21日', '在', '人民', '空军', '的', '摇篮', '——', '吉林长春', '举行', '。', '歼', '-', '20', '、', '歼', '-', '16', '、', '运', '-', '20', '等', '新型', '主力', '战机']","['庆祝', '人民', '空军', '成立', '70周年', '航空', '开放', '活动', '10月17日', '21日', '人民', '空军', '摇篮', '吉林长春', '歼', '20', '歼', '16', '运', '20', '新型', '主力', '战机']","['-', '日', '人民', '主力', '长春']",其它
2019/10/11 17:02:06,”　　鉴于交通的改善，近年来，集摄像、取暖、吸氧、做饭、电台等为一体的新型猛士巡逻车落户边防，巡逻守防“如虎添翼”。而今，四通八达的边防公路“横向贴边、纵向到点”，一座座“信息化烽火台”随时感知风吹草动，空中直升机、无人机随时监控边情……边防一线已然“换了人间”。,70年边防交通发展｜曾经8天8夜的探亲路，如今只需12小时,http://news.china.com.cn/2019-10/11/content_75291767.htm,"['”', '鉴于', '交通', '的', '改善', '，', '近年来', '，', '集', '摄像', '、', '取暖', '、', '吸氧', '、', '做饭', '、', '电台', '等', '为', '一体', '的', '新型', '猛士', '巡逻车', '落户', '边防', '，', '巡逻', '守防', '“', '如虎添翼', '”', '。', '而今', '，', '四通八达', '的', '边防', '公路', '“', '横向', '贴边', '、', '纵向', '到', '点', '”', '，', '一座座', '“', '信息化', '烽火台', '”', '随时', '感知', '风吹草动', '，', '空中', '直升机', '、', '无人机', '随时', '监控', '边情', '……', '边防', '一线', '已然', '“', '换', '了', '人间', '”', '。']","['交通', '改善', '集', '摄像', '取暖', '吸氧', '做饭', '电台', '一体', '新型', '猛士', '巡逻车', '落户', '边防', '巡逻', '守防', '如虎添翼', '而今', '四通八达', '边防', '公路', '横向', '贴边', '纵向', '点', '一座座', '信息化', '烽火台', '感知', '风吹草动', '空中', '直升机', '无人机', '监控', '边情', '边防', '一线', '已然', '换', '人间']","['边防', '随时', '换', '情', '防']",其它
2019/10/10 13:46:27,在刚结束的国庆阅兵上，由直-10、直-19、直-8、直-20组成的解放军主力直升机梯队堪称“国产军用直升机天团”。航空工业哈飞总工程师王希豹表示，直-20应用了很多世界先进技术，包括振动主动控制、电传飞控以及新的旋翼低噪声构型、高性能的旋翼气动布局。,近距离感受“国产直升机天团”倾听顶级专家的详细介绍,http://news.china.com.cn/2019-10/10/content_75287240.htm,"['在', '刚', '结束', '的', '国庆', '阅兵', '上', '，', '由', '直-', '10', '、', '直', '-', '19', '、', '直', '-', '8', '、', '直', '-', '20', '组成', '的', '解放军', '主力', '直升机', '梯队', '堪称', '“', '国产', '军用', '直升机天团', '”', '。', '航空', '工业', '哈飞', '总工程师', '王希豹', '表示', '，', '直-', '20', '应用', '了', '很多', '世界', '先进', '技术', '，', '包括', '振动', '主动', '控制', '、', '电传', '飞控', '以及', '新', '的', '旋翼', '低', '噪声', '构型', '、', '高性能', '的', '旋翼', '气动', '布局', '。']","['刚', '结束', '国庆', '阅兵', '直-', '10', '直', '19', '直', '直', '20', '解放军', '主力', '直升机', '梯队', '堪称', '国产', '军用', '直升机天团', '航空', '工业', '哈飞', '总工程师', '王希豹', '直-', '20', '世界', '先进', '技术', '包括', '振动', '主动', '控制', '电传', '飞控', '新', '旋翼', '低', '噪声', '构型', '高性能', '旋翼', '气动', '布局']","['直', '直升机', '-', '旋翼', '工业']",其它
2019/10/9 7:28:15,“中国人家”摄影展集纳70年来近300幅照片，分为“国”“家”两个单元展示；展览将持续至22日　　昨日，“中国人家”摄影展上，观众用手机拍摄国庆阅兵照片。本版摄影/新京报记者 王贵彬　　10月8日，庆祝中华人民共和国成立70周年摄影展“中国人家”在北京王府井大街正式亮相，展览将持续至10月22日。,15次国庆阅兵照片在王府井大街展出 展览将持续至22日,http://guoqing.china.com.cn/2019-10/09/content_75281413.htm,"['“', '中国人家', '”', '摄影展', '集纳', '70年', '来', '近', '300幅', '照片', '，', '分为', '“', '国', '”', '“', '家', '”', '两个', '单元', '展示', '；', '展览', '将', '持续', '至', '22日', '昨日', '，', '“', '中国人家', '”', '摄影展', '上', '，', '观众', '用', '手机', '拍摄', '国庆', '阅兵', '照片', '。', '本版', '摄影', '/', '新京报', '记者', '王贵彬', '10月8日', '，', '庆祝', '中华人民共和国', '成立', '70周年', '摄影展', '“', '中国人家', '”', '在', '北京王府井大街', '正式', '亮相', '，', '展览', '将', '持续', '至', '10月22日', '。']","['中国人家', '摄影展', '集纳', '70年', '近', '300幅', '照片', '分为', '国', '家', '两个', '单元', '展示', '展览', '持续', '22日', '昨日', '中国人家', '摄影展', '观众', '手机', '拍摄', '国庆', '阅兵', '照片', '本版', '摄影', '新京报', '记者', '王贵彬', '10月8日', '庆祝', '中华人民共和国', '成立', '70周年', '摄影展', '中国人家', '北京王府井大街', '正式', '亮相', '展览', '持续', '10月22日']","['', '摄影展', '70', '日', '摄影']",其它
2019/10/8 14:39:45,据介?绍，展览由中国文联、中国摄影家协会、北京市东城区共同主办，集纳了新中国成立以来的近300幅历史照片和摄影作品，分为“国”“家”两个单元集中展示。,15次国庆阅兵照片在北京王府井大街展出,http://news.china.com.cn/2019-10/08/content_75279620.htm,"['据介', '\u200b绍', '，', '展览', '由', '中国文联', '、', '中国摄影家协会', '、', '北京市', '东城区', '共同', '主办', '，', '集纳', '了', '新中国', '成立', '以来', '的', '近', '300幅', '历史', '照片', '和', '摄影', '作品', '，', '分为', '“', '国', '”', '“', '家', '”', '两个', '单元', '集中', '展示', '。']","['据介', '\u200b绍', '展览', '中国文联', '中国摄影家协会', '北京市', '东城区', '主办', '集纳', '新中国', '成立', '近', '300幅', '历史', '照片', '摄影', '作品', '分为', '国', '家', '两个', '单元', '展示']","['集中', '\u200b', '单元', '两个', '家']",其它
2019/10/6 14:10:23,”很多人不知道的是　我们也能够做出来，并且更快。航天是我的兴趣，一辈子不会累。一个人最大的爱是爱国。(转载请注明来源中国军网微信；参考资料：解放军报、中国军网、“人民日报”微信公众号等)编辑：马艺轩　　编审：张华婧,“大国重器”中国造，我们要记住一些名字！,http://news.china.com.cn/2019-10/06/content_75274884.htm,"['”', '很多', '人', '不', '知道', '的', '是', '我们', '也', '能够', '做', '出来', '，', '并且', '更', '快', '。', '航天', '是', '我', '的', '兴趣', '，', '一辈子', '不会', '累', '。', '一个', '人', '最大', '的', '爱', '是', '爱国', '。', '(', '转载', '请', '注明', '来源', '中国军网微信', '；', '参考资料', '：', '解放军报', '、', '中国', '军网', '、', '“', '人民日报', '”', '微信', '公众号', '等', ')编辑', '：', '马艺轩', '编审', '：', '张华婧']","['做', '更', '快', '航天', '兴趣', '一辈子', '累', '爱', '爱国', '转载', '请', '注明', '来源', '中国军网微信', '参考资料', '解放军报', '中国', '军网', '人民日报', '微信', '公众号', ')编辑', '马艺轩', '编审', '张华婧']","['人', '', '微信', '张华', '中国']",其它
2019/10/5 19:37:52,国庆大阅兵F系统导演马挥：镜头里好东西太多了！,国庆大阅兵F系统导演马挥：镜头里好东西太多了！,http://v.china.com.cn/news/2019-10/05/content_75273417.htm,"['国庆', '大', '阅兵', 'F', '系统', '导演', '马挥', '：', '镜头', '里', '好', '东西', '太', '多', '了', '！']","['国庆', '阅兵', 'F', '系统', '导演', '马挥', '镜头', '里', '东西', '太']","['东西', '大', '好', '里', '镜头']",其它
2019/10/5 13:28:53,建设现代化的人民军队一直是党和人民的夙愿。实现国防现代化，必须实现国防科技和武器装备现代化。,铸造强国利器70年——新中国国防科技和武器装备发展历程与启示,http://news.china.com.cn/2019-10/05/content_75273093.htm,"['建设', '现代化', '的', '人民军队', '一直', '是', '党', '和', '人民', '的', '夙愿', '。', '实现', '国防', '现代化', '，', '必须', '实现', '国防', '科技', '和', '武器', '装备', '现代化', '。']","['建设', '现代化', '人民军队', '党', '人民', '夙愿', '国防', '现代化', '国防', '科技', '武器', '装备', '现代化']","['现代化', '人民', '国防', '武器', '实现']",其它
2019/10/5 11:47:32,回望70年人民军队的发展历程，我们更加坚信，在党的坚强领导下，到2035年，包括武器装备现代化在内的国防和军队现代化一定能够实现，到本世纪中叶，人民军队一定能够跻身世界一流军队。,铸造强国利器70年——新中国国防科技和武器装备发展历程与启示,http://www.china.com.cn/opinion/theory/2019-10/05/content_75272933.htm,"['回望', '70年', '人民军队', '的', '发展', '历程', '，', '我们', '更加', '坚信', '，', '在', '党', '的', '坚强', '领导', '下', '，', '到', '2035年', '，', '包括', '武器', '装备', '现代化', '在内', '的', '国防', '和', '军队', '现代化', '一定', '能够', '实现', '，', '到', '本世纪中叶', '，', '人民军队', '一定', '能够', '跻身', '世界', '一流', '军队', '。']","['回望', '70年', '人民军队', '发展', '历程', '坚信', '党', '坚强', '领导', '2035年', '包括', '武器', '装备', '现代化', '在内', '国防', '军队', '现代化', '本世纪中叶', '人民军队', '跻身', '世界', '一流', '军队']","['年', '现代化', '能够', '人民军队', '军队']",其它
2019/10/4 15:51:00,空中受阅梯队“三剑客”齐聚飞越天安门,空中受阅梯队“三剑客”齐聚飞越天安门,http://v.china.com.cn/news/2019-10/04/content_75271412.htm,"['空中', '受阅', '梯队', '“', '三剑客', '”', '齐', '聚', '飞越', '天安门']","['空中', '受阅', '梯队', '三剑客', '齐', '聚', '飞越', '天安门']","['飞越', '受阅', '齐聚', '三剑客', '梯队']",其它
2019/10/4 14:06:52,阅兵训练场的故事丨空中受阅梯队新锐战机组团亮相 盘点阅兵空中的“明星战机”,阅兵训练场的故事丨空中受阅梯队新锐战机组团亮相 盘点阅兵空中的“明星战机”,http://v.china.com.cn/news/2019-10/04/content_75271273.htm,"['阅兵训练场', '的', '故事', '丨', '空中', '受阅', '梯队', '新锐', '战机', '组团', '亮相', '盘点', '阅兵', '空中', '的', '“', '明星', '战机', '”']","['阅兵训练场', '故事', '丨', '空中', '受阅', '梯队', '新锐', '战机', '组团', '亮相', '盘点', '阅兵', '空中', '明星', '战机']","['空中', '战机', '阅兵', '', '亮相']",阅兵
2019/10/2 14:53:13,10月1日上午，为庆祝中华人民共和国成立70周年，北京天安门广场举行盛大阅兵仪式，引发外媒高度关注。据法新社10月1日报道，中国在当天的阅兵仪式上展示了多款新型武器，包括导弹、轰炸机、无人机等。,外媒:中国阅兵展示东风-41 还有多款“明星”武器,http://news.china.com.cn/2019-10/02/content_75267008.htm,"['10月1日', '上午', '，', '为', '庆祝', '中华人民共和国', '成立', '70周年', '，', '北京', '天安门广场', '举行', '盛大', '阅兵', '仪式', '，', '引发', '外媒', '高度', '关注', '。', '据', '法新社', '10月1日', '报道', '，', '中国', '在', '当天', '的', '阅兵', '仪式', '上', '展示', '了', '多', '款', '新型', '武器', '，', '包括', '导弹', '、', '轰炸机', '、', '无人机', '等', '。']","['10月1日', '上午', '庆祝', '中华人民共和国', '成立', '70周年', '北京', '天安门广场', '盛大', '阅兵', '仪式', '引发', '外媒', '高度', '关注', '法新社', '10月1日', '报道', '中国', '当天', '阅兵', '仪式', '展示', '款', '新型', '武器', '包括', '导弹', '轰炸机', '无人机']","['轰炸机', '高度', '仪式', '阅兵', '日']",阅兵
2019/10/2 14:13:57,10月1日上午，为庆祝中华人民共和国成立70周年，北京天安门广场举行盛大阅兵仪式，引发外媒高度关注。习近平在庆祝大会上发表讲话说：“没有任何力量能够撼动我们伟大祖国的地位……中国的明天必将更加美好。,大阅兵展示中国新锐武器引发外媒关注,http://news.china.com.cn/2019-10/02/content_75266923.htm,"['10月1日', '上午', '，', '为', '庆祝', '中华人民共和国', '成立', '70周年', '，', '北京', '天安门广场', '举行', '盛大', '阅兵', '仪式', '，', '引发', '外媒', '高度', '关注', '。', '习近平', '在', '庆祝', '大会', '上', '发表', '讲话', '说', '：', '“', '没有', '任何', '力量', '能够', '撼动', '我们', '伟大', '祖国', '的', '地位', '……', '中国', '的', '明天', '必将', '更加', '美好', '。']","['10月1日', '上午', '庆祝', '中华人民共和国', '成立', '70周年', '北京', '天安门广场', '盛大', '阅兵', '仪式', '引发', '外媒', '高度', '关注', '习近平', '庆祝', '大会', '发表', '讲话', '说', '力量', '撼动', '祖国', '地位', '中国', '明天', '美好']","['庆祝', '更加', '明天', '地位', '高度']",阅兵
2019/10/2 11:05:09,庆祝中华人民共和国成立70周年大会　在天安门广场隆重举行　十里长街，张灯结彩　凝结着14亿人对祖国的挚爱　观礼和游行的人群中　有我们熟悉的身影　也有许多可爱的脸庞　很高兴，在天安门广场　见到你们　,很高兴，在天安门广场见到你,http://news.china.com.cn/2019-10/02/content_75266655.htm,"['庆祝', '中华人民共和国', '成立', '70周年', '大会', '在', '天安门广场', '隆重', '举行', '十里长街', '，', '张灯结彩', '凝结', '着', '14亿', '人', '对', '祖国', '的', '挚爱', '观礼', '和', '游行', '的', '人群', '中', '有', '我们', '熟悉', '的', '身影', '也', '有', '许多', '可爱', '的', '脸庞', '很', '高兴', '，', '在', '天安门广场', '见到', '你们']","['庆祝', '中华人民共和国', '成立', '70周年', '大会', '天安门广场', '隆重', '十里长街', '张灯结彩', '凝结', '14亿', '祖国', '挚爱', '观礼', '游行', '人群', '中', '熟悉', '身影', '可爱', '脸庞', '天安门广场', '见到']","['', '中华', '天安门广场', '可爱', '人群']",阅兵
2019/10/2 10:45:00,10月1日上午，庆祝中华人民共和国成立70周年大会在北京天安门广场隆重举行。,快抬头看！大阅兵空中梯队飞来了！,http://news.china.com.cn/txt/2019-10/02/content_75265529_8.htm,"['10月1日', '上午', '，', '庆祝', '中华人民共和国', '成立', '70周年', '大会', '在', '北京', '天安门广场', '隆重', '举行', '。']","['10月1日', '上午', '庆祝', '中华人民共和国', '成立', '70周年', '大会', '北京', '天安门广场', '隆重']","['隆重', '月', '天安门广场', '北京', '大会']",阅兵
2019/10/2 6:20:20,10月1日上午，进入新时代的中国用一场盛大阅兵庆祝中华人民共和国成立70周年，彰显了中华民族从站起来、富起来迈向强起来的雄心壮志。,新时代国庆阅兵彰显中华民族强起来雄心壮志,http://news.china.com.cn/2019-10/02/content_75266081.htm,"['10月1日', '上午', '，', '进入', '新时代', '的', '中国', '用', '一', '场', '盛大', '阅兵', '庆祝', '中华人民共和国', '成立', '70周年', '，', '彰显', '了', '中华民族', '从站', '起来', '、', '富', '起来', '迈向', '强', '起来', '的', '雄心壮志', '。']","['10月1日', '上午', '新时代', '中国', '场', '盛大', '阅兵', '庆祝', '中华人民共和国', '成立', '70周年', '彰显', '中华民族', '从站', '富', '迈向', '强', '雄心壮志']","['起来', '月', '强', '迈向', '富起来']",阅兵
2019/10/2 5:15:21,庆祝新中国成立70周年阅兵10月1日在北京举行。在这一历史节点上，东风-41核导弹、99A坦克、歼-20战斗机、巨浪-2导弹等明星装备惊艳亮相，既体现了中国军队“硬”实力，也展现了中国保卫和平的决心。?,国庆70周年阅兵展现中国军队“硬”实力,http://news.china.com.cn/2019-10/02/content_75265933.htm,"['庆祝', '新中国', '成立', '70周年', '阅兵', '10月1日', '在', '北京', '举行', '。', '在', '这', '一', '历史', '节点', '上', '，', '东风-41核导弹', '、', '99A坦克', '、', '歼-', '20', '战斗机', '、', '巨浪', '-2导弹', '等', '明星', '装备', '惊艳', '亮相', '，', '既', '体现', '了', '中国', '军队', '“', '硬', '”', '实力', '，', '也', '展现', '了', '中国', '保卫', '和平', '的', '决心', '。', '\u200b']","['庆祝', '新中国', '成立', '70周年', '阅兵', '10月1日', '北京', '历史', '节点', '东风-41核导弹', '99A坦克', '歼-', '20', '战斗机', '巨浪', '-2导弹', '明星', '装备', '惊艳', '亮相', '体现', '中国', '军队', '硬', '实力', '展现', '中国', '保卫', '和平', '决心', '\u200b']","['-', '中国', '和平', '节点', '北京']",阅兵
2019/10/1 17:01:29,(夏宾 李纯)庆祝新中国成立70周年阅兵10月1日在北京举行。——轰-6K飞机　　轰-6K飞机是中国自行研制的中远程新型轰炸机，被誉为“战神”，具备远程奔袭、大区域巡逻、防区外打击等能力。,中国军队“明星”装备亮相国庆阅兵,http://news.china.com.cn/2019-10/01/content_75265491.htm,"['(', '夏宾', '李纯)', '庆祝', '新中国', '成立', '70周年', '阅兵', '10月1日', '在', '北京', '举行', '。', '——', '轰-', '6K', '飞机', '轰-', '6K', '飞机', '是', '中国', '自行', '研制', '的', '中远程', '新型', '轰炸机', '，', '被', '誉为', '“', '战神', '”', '，', '具备', '远程', '奔袭', '、', '大', '区域', '巡逻', '、', '防区', '外', '打击', '等', '能力', '。']","['夏宾', '李纯)', '庆祝', '新中国', '成立', '70周年', '阅兵', '10月1日', '北京', '轰-', '6K', '飞机', '轰-', '6K', '飞机', '中国', '自行', '研制', '中远程', '新型', '轰炸机', '誉为', '战神', '具备', '远程', '奔袭', '区域', '巡逻', '防区', '外', '打击', '能力']","['远程', '', '打击', '北京', '夏']",其它
2019/9/30 13:48:40,F-117A“夜鹰”亚音速隐身攻击机在机头配置了4个全向大气数据探管　对隐身性能要求更高的B-2轰炸机干脆舍弃了传统的空速管，在风挡前方的机头部位安装了6组嵌入式大气数据传感器。,歼-20少了这根“尖刺” 你发现了吗？,http://news.china.com.cn/2019-09/30/content_75262169.htm,"['F-', '117A', '“', '夜鹰', '”', '亚音速', '隐身', '攻击机', '在', '机头', '配置', '了', '4个', '全', '向', '大气', '数据', '探管', '对', '隐身', '性能', '要求', '更', '高', '的', 'B-2', '轰炸机', '干脆', '舍弃', '了', '传统', '的', '空速', '管', '，', '在', '风挡', '前方', '的', '机头', '部位', '安装', '了', '6组', '嵌入式', '大气', '数据', '传感器', '。']","['F-', '117A', '夜鹰', '亚音速', '隐身', '攻击机', '机头', '配置', '4个', '全', '大气', '数据', '探管', '隐身', '性能', '更', '高', 'B-2', '轰炸机', '干脆', '舍弃', '传统', '空速', '风挡', '前方', '机头', '部位', '安装', '6组', '嵌入式', '大气', '数据', '传感器']","['-', '数据', '机头', '隐身', '大气']",其它
2019/9/30 13:32:09,2019年10月1日是新中国70华诞。名称：大型水陆两栖飞机——“鲲龙”AG600　,致敬！新时代的中国科技,http://photo.china.com.cn/2019-09/30/content_75262087.htm,"['2019年10月1日', '是', '新中国', '70华诞', '。', '名称', '：', '大型', '水陆', '两栖', '飞机', '——', '“', '鲲龙', '”', 'AG', '600']","['2019年10月1日', '新中国', '70华诞', '名称', '大型', '水陆', '两栖', '飞机', '鲲龙', 'AG', '600']","['AG600', '—', '大型', '70', '年']",其它
2019/9/30 10:09:23,“今天，我们将在这里一起‘走过’70年……”9月28日，在人潮涌动的北京展览馆里，一位妈妈对自己的孩子说。 “伟大历程 辉煌成就”——庆祝中华人民共和国成立70周年大型成就展9月24日正式对公众开放。开展以来，公众参观的热情持续高涨。展览期间，经济日报-中国经济网记者采访了多位参观者，听他们谈变迁、聊心声。,在大型成就展“走过”70年，40后到00后这样说,http://news.china.com.cn/2019-09/30/content_75261308.htm,"['“', '今天', '，', '我们', '将', '在', '这里', '一起', '‘', '走过', '’', '70年', '……', '”', '9月28日', '，', '在', '人潮', '涌动', '的', '北京展览馆', '里', '，', '一', '位', '妈妈', '对', '自己', '的', '孩子', '说', '。', '“', '伟大', '历程', '辉煌', '成就', '”', '——', '庆祝', '中华人民共和国', '成立', '70周年', '大型', '成就', '展', '9月24日', '正式', '对', '公众', '开放', '。', '开展', '以来', '，', '公众', '参观', '的', '热情', '持续', '高涨', '。', '展览', '期间', '，', '经济日报-', '中国', '经济', '网', '记者', '采访', '了', '多', '位', '参观者', '，', '听', '他们', '谈', '变迁', '、', '聊', '心声', '。']","['走过', '70年', '9月28日', '人潮', '涌动', '北京展览馆', '里', '位', '妈妈', '孩子', '说', '历程', '辉煌', '成就', '庆祝', '中华人民共和国', '成立', '70周年', '大型', '成就', '展', '9月24日', '正式', '公众', '开放', '公众', '参观', '热情', '持续', '高涨', '展览', '期间', '经济日报-', '中国', '经济', '网', '记者', '采访', '位', '参观者', '听', '谈', '变迁', '聊', '心声']","['公众', '位', '日', '70', '成就']",其它
2019/9/28 10:51:33,新中国的成立，实现了中国从几千年封建专制政治向人民民主的伟大飞跃，是近代以来实现中华民族伟大复兴的里程碑，中华民族发展进步从此开启了新纪元。,中华人民共和国大事记,http://news.china.com.cn/2019-09/28/content_75255473.htm,"['新中国', '的', '成立', '，', '实现', '了', '中国', '从', '几千年', '封建', '专制', '政治', '向', '人民', '民主', '的', '伟大', '飞跃', '，', '是', '近代', '以来', '实现', '中华民族', '伟大', '复兴', '的', '里程碑', '，', '中华民族', '发展', '进步', '从此', '开启', '了', '新纪元', '。']","['新中国', '成立', '中国', '几千年', '封建', '专制', '政治', '人民', '民主', '飞跃', '近代', '中华民族', '复兴', '里程碑', '中华民族', '发展', '开启', '新纪元']","['伟大', '实现', '开启', '中华民族', '成立']",其它
2019/9/27 21:44:22,10月25日　中共十九届一中全会选举习近平、李克强、栗战书、汪洋、王沪宁、赵乐际、韩正为中央政治局常委，选举习近平为中央委员会总书记，决定习近平为中央军委主席，批准赵乐际为中央纪委书记。,中华人民共和国大事记,http://news.china.com.cn/2019-09/27/content_75254129.htm,"['10月25日', '中共十九届', '一中全会', '选举', '习近平', '、', '李克强', '、', '栗战书', '、', '汪洋', '、', '王沪宁', '、', '赵乐际', '、', '韩正', '为', '中央政治局', '常委', '，', '选举', '习近平', '为', '中央委员会', '总书记', '，', '决定', '习近平', '为', '中央军委', '主席', '，', '批准', '赵乐际', '为', '中央纪委', '书记', '。']","['10月25日', '中共十九届', '一中全会', '选举', '习近平', '李克强', '栗战书', '汪洋', '王沪宁', '赵乐际', '韩正', '中央政治局', '常委', '选举', '习近平', '中央委员会', '总书记', '习近平', '中央军委', '主席', '批准', '赵乐际', '中央纪委', '书记']","['习近平', '乐际', '赵', '月', '选举']",其它
2019/9/27 8:42:49,?北京时间10月1日，隆重的国庆庆典将在北京举行，纪念中华人民共和国成立70周年。在这场盛大庆典即将来临之际，世界各国媒体的镁光灯，纷纷聚焦中国。对于此次国庆庆典和阅兵仪式，外媒形容为“史上规模空前”的“一场盛宴”。?,世界的镁光灯聚焦国庆70周年阅兵,http://news.china.com.cn/2019-09/27/content_75251349.htm,"['\u200b', '北京时间10月1日', '，', '隆重', '的', '国庆', '庆典', '将', '在', '北京', '举行', '，', '纪念', '中华人民共和国', '成立', '70周年', '。', '在', '这', '场', '盛大', '庆典', '即将', '来临', '之际', '，', '世界', '各国', '媒体', '的', '镁光灯', '，', '纷纷', '聚焦', '中国', '。', '对于', '此次', '国庆', '庆典', '和', '阅兵', '仪式', '，', '外媒', '形容', '为', '“', '史', '上规模', '空前', '”', '的', '“', '一', '场', '盛宴', '”', '。', '\u200b']","['\u200b', '北京时间10月1日', '隆重', '国庆', '庆典', '北京', '纪念', '中华人民共和国', '成立', '70周年', '场', '盛大', '庆典', '来临', '之际', '世界', '各国', '媒体', '镁光灯', '纷纷', '聚焦', '中国', '国庆', '庆典', '阅兵', '仪式', '外媒', '形容', '史', '上规模', '空前', '场', '盛宴', '\u200b']","['庆典', '国庆', '一场', '聚焦', '70']",其它
2019/9/27 8:22:28,北京时间10月1日，隆重的国庆庆典将在北京举行，纪念中华人民共和国成立70周年。在这场盛大庆典即将来临之际，世界各国媒体的镁光灯，纷纷聚焦中国。对于此次国庆庆典和阅兵仪式，外媒形容为“史上规模空前”的“一场盛宴”。,世界的镁光灯聚焦！国庆70周年阅兵在即，外媒这样说……,http://news.china.com.cn/2019-09/27/content_75251208.htm,"['北京时间10月1日', '，', '隆重', '的', '国庆', '庆典', '将', '在', '北京', '举行', '，', '纪念', '中华人民共和国', '成立', '70周年', '。', '在', '这', '场', '盛大', '庆典', '即将', '来临', '之际', '，', '世界', '各国', '媒体', '的', '镁光灯', '，', '纷纷', '聚焦', '中国', '。', '对于', '此次', '国庆', '庆典', '和', '阅兵', '仪式', '，', '外媒', '形容', '为', '“', '史', '上规模', '空前', '”', '的', '“', '一', '场', '盛宴', '”', '。']","['北京时间10月1日', '隆重', '国庆', '庆典', '北京', '纪念', '中华人民共和国', '成立', '70周年', '场', '盛大', '庆典', '来临', '之际', '世界', '各国', '媒体', '镁光灯', '纷纷', '聚焦', '中国', '国庆', '庆典', '阅兵', '仪式', '外媒', '形容', '史', '上规模', '空前', '场', '盛宴']","['庆典', '国庆', '一场', '聚焦', '70']",其它
2019/9/26 9:14:53,70年来，国防实力由弱到强，发生质的飞跃，跃居世界前列；人民军队由大到强，发展成为诸军兵种联合、基本实现机械化、加快迈向信息化的强大军队，国防和军队现代化建设站在了新的起点上。,强军事业阔步向前,http://news.china.com.cn/2019-09/26/content_75247472.htm,"['70年', '来', '，', '国防', '实力', '由', '弱', '到', '强', '，', '发生', '质', '的', '飞跃', '，', '跃居', '世界', '前列', '；', '人民军队', '由', '大', '到', '强', '，', '发展', '成为', '诸', '军兵种', '联合', '、', '基本', '实现', '机械化', '、', '加快', '迈向', '信息化', '的', '强大', '军队', '，', '国防', '和', '军队', '现代化', '建设', '站', '在', '了', '新', '的', '起点', '上', '。']","['70年', '国防', '实力', '弱', '强', '发生', '质', '飞跃', '跃居', '世界', '前列', '人民军队', '强', '发展', '军兵种', '联合', '机械化', '加快', '迈向', '信息化', '强大', '军队', '国防', '军队', '现代化', '建设', '站', '新', '起点']","['强', '起点', '军队', '国防', '年']",其它
2019/9/19 8:03:09,水中蓝鲸蹈海，海面战舰驰骋，空中战鹰呼啸，陆战精锐列阵……,和平中国——70年中国面貌变迁述评之十,http://news.china.com.cn/2019-09/19/content_75220965_4.htm,"['水', '中', '蓝', '鲸', '蹈海', '，', '海面', '战舰', '驰骋', '，', '空中', '战鹰', '呼啸', '，', '陆战', '精锐', '列阵', '……']","['水', '中', '蓝', '鲸', '蹈海', '海面', '战舰', '驰骋', '空中', '战鹰', '呼啸', '陆战', '精锐', '列阵']","['列阵', '蓝鲸', '精锐', '陆战', '呼啸']",其它
2019/9/18 15:23:11,数十年来，中国坚持以自主创新加快国防和军队现代化建设步伐。从“两弹一星”到新一代航母，中国的海陆空三军装备实现了开拓性进展、全局性提升，为维护国家安全统一和全面建成小康社会提供坚强保障。,新中国70年印迹——“中国武器”为国家安全护航,http://v.china.com.cn/2019-09/18/content_75218957.htm,"['数十年', '来', '，', '中国', '坚持', '以', '自主', '创新', '加快', '国防', '和', '军队', '现代化', '建设', '步伐', '。', '从', '“', '两弹一星', '”', '到', '新一代', '航母', '，', '中国', '的', '海陆空', '三军', '装备', '实现', '了', '开拓性', '进展', '、', '全局性', '提升', '，', '为', '维护', '国家', '安全', '统一', '和', '全面', '建成', '小康', '社会', '提供', '坚强', '保障', '。']","['数十年', '中国', '自主', '创新', '加快', '国防', '军队', '现代化', '建设', '步伐', '两弹一星', '新一代', '航母', '中国', '海陆空', '三军', '装备', '开拓性', '进展', '全局性', '提升', '维护', '国家', '统一', '建成', '小康', '社会', '提供', '坚强', '保障']","['中国', '坚强', '新一代', '建设', '提供']",其它
2019/9/14 0:32:12,空军40万官兵永远是党和人民放心的蓝天钢铁长城！,空军再度官宣歼20最新靓照,"http://military.china.com.cn/2019-09/14/content_75204193_4.htm""}","['空军', '40万', '官兵', '永远', '是', '党', '和', '人民', '放心', '的', '蓝天', '钢铁长城', '！']","['空军', '40万', '官兵', '永远', '党', '人民', '放心', '蓝天', '钢铁长城']","['蓝天', '40', '放心', '人民', '党']",其它
2019/9/5 6:24:45,7月下旬，中部战区陆军某师所属部队全员全装向集结地域机动。“能力营”按纲施训打基础，逐人逐装逐级快速形成战斗力；“任务营”时刻保持战备状态，战斗力指数始终“满血”。,雄师劲旅淬炼胜战利刃,http://news.china.com.cn/2019-09/05/content_75173596.htm,"['7月下旬', '，', '中部', '战区', '陆军', '某师', '所属', '部队', '全员', '全装', '向', '集结', '地域', '机动', '。', '“', '能力', '营', '”', '按', '纲施', '训', '打基础', '，', '逐', '人', '逐装', '逐级', '快速', '形成', '战斗力', '；', '“', '任务', '营', '”', '时刻', '保持', '战备', '状态', '，', '战斗力', '指数', '始终', '“', '满', '血', '”', '。']","['7月下旬', '中部', '战区', '陆军', '某师', '所属', '部队', '全员', '全装', '集结', '地域', '机动', '能力', '营', '纲施', '训', '打基础', '逐', '逐装', '逐级', '快速', '战斗力', '营', '时刻', '战备', '状态', '战斗力', '指数', '始终', '满', '血']","['营', '战斗力', '逐', '装', '始终']",其它
2019/9/4 7:20:42,空军3日发布励志宣传片《蓝天有我 感恩有您》，展现新时代空军飞行员牢记初心使命、提高打赢能力的情怀和风采。空军歼-20战机7机同框首次亮相，昭示越来越多的“国字号”新型战机投入新时代练兵备战，高飞远航、守卫蓝天。,空军发布励志宣传片首次展现歼-20战机7机同框,http://news.china.com.cn/2019-09/04/content_75169642.htm,"['空军', '3日', '发布', '励志宣传片', '《', '蓝天', '有', '我', '感恩', '有', '您', '》', '，', '展现', '新时代', '空军', '飞行员', '牢记', '初心', '使命', '、', '提高', '打', '赢', '能力', '的', '情怀', '和', '风采', '。', '空军', '歼-', '20', '战机', '7机', '同', '框', '首次', '亮相', '，', '昭示', '越来越', '多', '的', '“', '国字号', '”', '新型', '战机', '投入', '新时代', '练兵', '备战', '，', '高飞', '远航', '、', '守卫', '蓝天', '。']","['空军', '3日', '发布', '励志宣传片', '蓝天', '感恩', '展现', '新时代', '空军', '飞行员', '牢记', '初心', '使命', '提高', '赢', '能力', '情怀', '风采', '空军', '歼-', '20', '战机', '7机', '框', '首次', '亮相', '昭示', '越来越', '国字号', '新型', '战机', '投入', '新时代', '练兵', '备战', '高飞', '远航', '守卫', '蓝天']","['战机', '新时代', '空军', '情怀', '蓝天']",其它
2019/9/4 6:18:12,空军宣传片罕见曝光歼20战机7机编队画面,空军宣传片罕见曝光歼20战机7机编队画面,"http://military.china.com.cn/2019-09/04/content_75168960_16.htm""}","['空军', '宣传', '片', '罕见', '曝光', '歼20', '战机', '7机', '编队', '画面']","['空军', '宣传', '片', '罕见', '曝光', '歼20', '战机', '7机', '编队', '画面']","['编队', '宣传片', '机', '7', '战机']",其它
2019/9/3 15:41:23,1945年9月3日,人民网评：重温抗战胜利，唤醒民族复兴伟力,http://news.china.com.cn/2019-09/03/content_75167974.htm,['1945年9月3日'],['1945年9月3日'],"['3', '年', '月', '9', '日']",其它
2019/9/3 9:58:32,GDP迈上四万亿元台阶、“蜀道难”变“蜀道通”、内陆盆地走向开放前沿、旅游业成万亿集群产业……治蜀兴川70年来，四川实现了从“百业待振”到“高质量发展”的蜕变。,治蜀兴川70年：从“百业待振”到“高质量发展”,http://ydyl.china.com.cn/2019-09/03/content_75166098.htm,"['GDP', '迈', '上', '四万亿元', '台阶', '、', '“', '蜀道', '难', '”', '变', '“', '蜀道', '通', '”', '、', '内陆', '盆地', '走向', '开放', '前沿', '、', '旅游业', '成', '万亿集', '群', '产业', '……', '治', '蜀兴川', '70年', '来', '，', '四川', '实现', '了', '从', '“', '百业待振', '”', '到', '“', '高质量', '发展', '”', '的', '蜕变', '。']","['GDP', '迈', '四万亿元', '台阶', '蜀道', '难', '变', '蜀道', '通', '内陆', '盆地', '走向', '开放', '前沿', '旅游业', '成', '万亿集', '群', '产业', '治', '蜀兴川', '70年', '四川', '百业待振', '高质量', '发展', '蜕变']","['蜀道', '发展', '蜀', '产业', '迈上']",其它
2019/8/13 10:43:28,2017年2月，美国知名水陆两栖轻型运动飞机品牌泊鹭航空入驻爱飞客小镇，目前该企业已完成5架海王水陆两用飞机复装和CCAR-91部运营资质审定。,从资源型城市到航空新城 湖北荆门实现再度腾飞,http://news.china.com.cn/2019-08/13/content_75094843.htm,"['2017年2月', '，', '美国', '知名', '水陆', '两栖', '轻型', '运动', '飞机', '品牌', '泊鹭', '航空', '入驻', '爱', '飞客', '小', '镇', '，', '目前', '该', '企业', '已', '完成', '5架', '海王', '水陆', '两用', '飞机', '复装', '和', 'C', 'CA', 'R', '-', '91部', '运营', '资质', '审定', '。']","['2017年2月', '美国', '知名', '水陆', '两栖', '轻型', '运动', '飞机', '品牌', '泊鹭', '航空', '入驻', '爱', '飞客', '镇', '企业', '5架', '海王', '水陆', '两用', '飞机', '复装', 'C', 'CA', 'R', '91部', '运营', '资质', '审定']","['飞机', '水陆', '资质', '年', '运营']",其它
2019/8/6 18:48:25,国产航母 潜艇 “蛟龙”号载人作业型潜水器　055万吨级 大型驱逐舰　,军工很酷！60秒，别眨眼！,http://news.china.com.cn/2019-08/06/content_75072669.htm,"['国产', '航母', '潜艇', '“', '蛟龙', '”', '号', '载人', '作业', '型', '潜水器', '055万吨', '级', '大型', '驱逐舰']","['国产', '航母', '潜艇', '蛟龙', '号', '载人', '作业', '型', '潜水器', '055万吨', '级', '大型', '驱逐舰']","['', '航母', '型', '作业', '载人']",其它
2019/8/5 0:30:47,歼-20多机同时亮相?,歼20隐形战机座舱视角罕见曝光 科幻感十足,http://news.china.com.cn/2019-08/05/content_75065378.htm,"['歼-', '20多机', '同时', '亮相', '\u200d']","['歼-', '20多机', '亮相', '\u200d']","['亮相', '-', '机', '20', '\u200d']",其它
2019/8/3 11:34:43,8月2日，科普中国军事科技前沿全国巡展（天津站）活动在北京举行新闻发布会，宣布此次巡展将于9月6日至10月27日登陆天津欢乐谷。,科普中国军事科技前沿全国巡展（天津站）正式启动,http://military.china.com.cn/2019-08/03/content_75062575.htm,"['8月2日', '，', '科普', '中国', '军事', '科技', '前沿', '全国', '巡展', '（', '天津站', '）', '活动', '在', '北京', '举行', '新闻发布会', '，', '宣布', '此次', '巡展', '将', '于', '9月6日', '至', '10月27日', '登陆', '天津', '欢乐谷', '。']","['8月2日', '科普', '中国', '军事', '科技', '前沿', '全国', '巡展', '天津站', '活动', '北京', '新闻发布会', '巡展', '9月6日', '10月27日', '登陆', '天津', '欢乐谷']","['月', '日', '巡展', '天津', '宣布']",其它
2019/8/1 16:08:50,历史长河波澜壮阔，高潮涌起处的浪花惊艳壮丽，标注时代的高度。阅兵，犹如人民军队发展史上飞溅的浪花，生动展示了中国军人威武雄壮的风采，见证了人民军队的发展壮大。,我们的队伍向太阳,http://news.china.com.cn/2019-08/01/content_75056485.htm,"['历史', '长河', '波澜壮阔', '，', '高潮', '涌', '起', '处', '的', '浪花', '惊艳', '壮丽', '，', '标注', '时代', '的', '高度', '。', '阅兵', '，', '犹如', '人民军队', '发展史', '上', '飞溅', '的', '浪花', '，', '生动', '展示', '了', '中国', '军人', '威武', '雄壮', '的', '风采', '，', '见证', '了', '人民军队', '的', '发展', '壮大', '。']","['历史', '长河', '波澜壮阔', '高潮', '涌', '处', '浪花', '惊艳', '壮丽', '标注', '时代', '高度', '阅兵', '犹如', '人民军队', '发展史', '飞溅', '浪花', '生动', '展示', '中国', '军人', '威武', '雄壮', '风采', '见证', '人民军队', '发展', '壮大']","['人民军队', '浪花', '时代', '长河', '发展']",其它
2019/7/26 13:57:57,2016年7月6日，运—20大型运输机正式列装空军航空兵部队。这是我国航空制造工业的光辉的开端……”根据《中国共产党历史大事记》记载，1954年7月，南昌飞机制造厂试制成功初教5教练机。2016年11月1日，中国自主研制的新一代隐身战斗机歼—20首次公开亮相并参加中国珠海国际航展。,1954年7月26日 我国首批飞机制造成功,http://ydyl.china.com.cn/2019-07/26/content_75035180.htm,"['2016年7月6日', '，', '运', '—', '20', '大型', '运输机', '正式', '列装', '空军', '航空兵', '部队', '。', '这是', '我国', '航空', '制造', '工业', '的', '光辉', '的', '开端', '……', '”', '根据', '《', '中国共产党', '历史', '大事记', '》', '记载', '，', '1954年7月', '，', '南昌飞机制造厂', '试制', '成功', '初', '教', '5教练机', '。', '2016年11月1日', '，', '中国', '自主', '研制', '的', '新一代', '隐身', '战斗机', '歼', '—', '20', '首次', '公开', '亮相', '并', '参加', '中国', '珠海', '国际', '航展', '。']","['2016年7月6日', '运', '20', '大型', '运输机', '正式', '列装', '空军', '航空兵', '部队', '这是', '我国', '航空', '制造', '工业', '光辉', '开端', '中国共产党', '历史', '大事记', '记载', '1954年7月', '南昌飞机制造厂', '试制', '成功', '初', '教', '5教练机', '2016年11月1日', '中国', '自主', '研制', '新一代', '隐身', '战斗机', '歼', '20', '首次', '公开', '亮相', '参加', '中国', '珠海', '国际', '航展']","['月', '年', '中国', '日', '国际']",其它
